season,round,driver,grid_position,best_quali_time,gap_to_pole,made_q3,made_q2
2022,1,LEC,1.0,90.558,0.0,1,1
2022,1,VER,2.0,90.681,0.1229999999999904,1,1
2022,1,SAI,3.0,90.687,0.1289999999999906,1,1
2022,1,PER,4.0,90.921,0.3629999999999995,1,1
2022,1,HAM,5.0,91.238,0.6799999999999926,1,1
2022,1,BOT,6.0,91.56,1.0019999999999951,1,1
2022,1,MAG,7.0,91.808,1.25,1,1
2022,1,ALO,8.0,92.195,1.6369999999999862,1,1
2022,1,RUS,9.0,92.216,1.657999999999987,1,1
2022,1,GAS,10.0,92.338,1.779999999999987,1,1
2022,1,OCO,11.0,91.782,1.2239999999999895,0,1
2022,1,MSC,12.0,91.998,1.4399999999999975,0,1
2022,1,NOR,13.0,92.008,1.4499999999999886,0,1
2022,1,ALB,14.0,92.664,2.1059999999999945,0,1
2022,1,ZHO,15.0,93.543,2.9849999999999994,0,1
2022,1,TSU,16.0,92.75,2.191999999999993,0,0
2022,1,HUL,17.0,92.777,2.218999999999994,0,0
2022,1,RIC,18.0,92.945,2.3869999999999862,0,0
2022,1,STR,19.0,93.032,2.473999999999989,0,0
2022,1,LAT,20.0,93.634,3.0759999999999934,0,0
2022,2,PER,1.0,88.2,0.0,1,1
2022,2,LEC,2.0,88.225,0.0249999999999914,1,1
2022,2,SAI,3.0,88.402,0.2019999999999981,1,1
2022,2,VER,4.0,88.461,0.2609999999999957,1,1
2022,2,OCO,5.0,89.068,0.867999999999995,1,1
2022,2,RUS,6.0,89.104,0.9039999999999964,1,1
2022,2,ALO,7.0,89.147,0.9470000000000028,1,1
2022,2,BOT,8.0,89.183,0.983000000000004,1,1
2022,2,GAS,9.0,89.254,1.054000000000002,1,1
2022,2,MAG,10.0,89.588,1.387999999999991,1,1
2022,2,NOR,11.0,89.651,1.4509999999999934,0,1
2022,2,RIC,12.0,89.773,1.5729999999999933,0,1
2022,2,ZHO,13.0,89.819,1.6189999999999998,0,1
2022,2,MSC,14.0,89.92,1.7199999999999989,0,1
2022,2,STR,15.0,91.009,2.808999999999997,0,1
2022,2,HAM,16.0,90.343,2.1430000000000007,0,0
2022,2,ALB,17.0,90.492,2.2920000000000016,0,0
2022,2,HUL,18.0,90.543,2.3430000000000035,0,0
2022,2,LAT,19.0,91.817,3.6169999999999902,0,0
2022,2,TSU,20.0,,,0,0
2022,3,LEC,1.0,77.868,0.0,1,1
2022,3,VER,2.0,78.154,0.2860000000000013,1,1
2022,3,PER,3.0,78.24,0.3719999999999999,1,1
2022,3,NOR,4.0,78.703,0.835000000000008,1,1
2022,3,HAM,5.0,78.825,0.9570000000000078,1,1
2022,3,RUS,6.0,78.933,1.065000000000012,1,1
2022,3,RIC,7.0,79.032,1.1640000000000017,1,1
2022,3,OCO,8.0,79.061,1.193000000000012,1,1
2022,3,SAI,9.0,79.408,1.5400000000000065,1,1
2022,3,ALO,10.0,78.815,0.9470000000000028,0,1
2022,3,GAS,11.0,79.226,1.358000000000004,0,1
2022,3,BOT,12.0,79.41,1.5420000000000016,0,1
2022,3,TSU,13.0,79.424,1.5560000000000116,0,1
2022,3,ZHO,14.0,80.155,2.287000000000006,0,1
2022,3,MSC,15.0,80.465,2.5970000000000084,0,1
2022,3,ALB,16.0,80.135,2.26700000000001,0,0
2022,3,MAG,17.0,80.254,2.38600000000001,0,0
2022,3,VET,18.0,81.149,3.281000000000006,0,0
2022,3,LAT,19.0,81.372,3.504000000000005,0,0
2022,3,STR,20.0,,,0,0
2022,4,VER,1.0,87.999,0.0,1,1
2022,4,LEC,2.0,88.778,0.7790000000000106,1,1
2022,4,NOR,3.0,89.131,1.132000000000005,1,1
2022,4,MAG,4.0,89.164,1.1650000000000065,1,1
2022,4,ALO,5.0,89.202,1.203000000000003,1,1
2022,4,RIC,6.0,89.742,1.7430000000000092,1,1
2022,4,PER,7.0,89.808,1.809000000000012,1,1
2022,4,BOT,8.0,90.439,2.4399999999999977,1,1
2022,4,VET,9.0,91.062,3.0630000000000024,1,1
2022,4,SAI,10.0,78.99,-9.009,0,1
2022,4,RUS,11.0,80.757,-7.24199999999999,0,1
2022,4,MSC,12.0,80.916,-7.082999999999998,0,1
2022,4,HAM,13.0,81.138,-6.86099999999999,0,1
2022,4,ZHO,14.0,81.434,-6.564999999999998,0,1
2022,4,STR,15.0,88.119,0.1200000000000045,0,1
2022,4,TSU,16.0,80.474,-7.524999999999991,0,0
2022,4,GAS,17.0,80.732,-7.266999999999996,0,0
2022,4,LAT,18.0,81.971,-6.027999999999992,0,0
2022,4,OCO,19.0,82.338,-5.661000000000001,0,0
2022,4,ALB,20.0,,,0,0
2022,5,LEC,1.0,88.796,0.0,1,1
2022,5,SAI,2.0,88.986,0.1899999999999977,1,1
2022,5,VER,3.0,88.991,0.1949999999999931,1,1
2022,5,PER,4.0,89.036,0.2399999999999948,1,1
2022,5,BOT,5.0,89.475,0.6789999999999878,1,1
2022,5,HAM,6.0,89.625,0.8289999999999935,1,1
2022,5,GAS,7.0,89.69,0.8939999999999912,1,1
2022,5,NOR,8.0,89.75,0.9539999999999936,1,1
2022,5,TSU,9.0,89.932,1.1359999999999957,1,1
2022,5,STR,10.0,90.676,1.879999999999996,1,1
2022,5,ALO,11.0,90.16,1.36399999999999,0,1
2022,5,RUS,12.0,90.173,1.3769999999999951,0,1
2022,5,VET,13.0,90.214,1.4179999999999922,0,1
2022,5,RIC,14.0,90.31,1.5139999999999958,0,1
2022,5,MSC,15.0,90.423,1.6269999999999951,0,1
2022,5,MAG,16.0,90.975,2.178999999999988,0,0
2022,5,ZHO,17.0,91.02,2.223999999999989,0,0
2022,5,ALB,18.0,91.266,2.469999999999999,0,0
2022,5,LAT,19.0,91.325,2.5289999999999964,0,0
2022,5,OCO,20.0,,,0,0
2022,6,LEC,1.0,78.75,0.0,1,1
2022,6,VER,2.0,79.073,0.3229999999999933,1,1
2022,6,SAI,3.0,79.166,0.4159999999999968,1,1
2022,6,RUS,4.0,79.393,0.6430000000000007,1,1
2022,6,PER,5.0,79.42,0.6700000000000017,1,1
2022,6,HAM,6.0,79.512,0.7620000000000005,1,1
2022,6,BOT,7.0,79.608,0.8580000000000041,1,1
2022,6,MAG,8.0,79.682,0.9320000000000022,1,1
2022,6,RIC,9.0,80.297,1.546999999999997,1,1
2022,6,MSC,10.0,80.368,1.617999999999995,1,1
2022,6,NOR,11.0,80.471,1.7210000000000036,0,1
2022,6,OCO,12.0,80.638,1.8880000000000048,0,1
2022,6,TSU,13.0,80.639,1.888999999999996,0,1
2022,6,GAS,14.0,80.861,2.111000000000004,0,1
2022,6,ZHO,15.0,81.094,2.343999999999994,0,1
2022,6,VET,16.0,80.954,2.203999999999993,0,0
2022,6,ALO,17.0,81.043,2.2930000000000064,0,0
2022,6,STR,18.0,81.418,2.6680000000000064,0,0
2022,6,ALB,19.0,81.645,2.894999999999996,0,0
2022,6,LAT,20.0,81.915,3.1650000000000063,0,0
2022,7,LEC,1.0,71.376,0.0,1,1
2022,7,SAI,2.0,71.601,0.2249999999999943,1,1
2022,7,PER,3.0,71.629,0.2530000000000001,1,1
2022,7,VER,4.0,71.666,0.289999999999992,1,1
2022,7,NOR,5.0,71.849,0.472999999999999,1,1
2022,7,RUS,6.0,72.112,0.73599999999999,1,1
2022,7,ALO,7.0,72.247,0.8709999999999951,1,1
2022,7,HAM,8.0,72.56,1.1839999999999975,1,1
2022,7,VET,9.0,72.732,1.3559999999999943,1,1
2022,7,OCO,10.0,73.047,1.6709999999999925,1,1
2022,7,TSU,11.0,72.797,1.4209999999999925,0,1
2022,7,BOT,12.0,72.909,1.5330000000000013,0,1
2022,7,MAG,13.0,72.921,1.5450000000000017,0,1
2022,7,RIC,14.0,72.964,1.587999999999994,0,1
2022,7,MSC,15.0,73.081,1.7049999999999983,0,1
2022,7,ALB,16.0,73.611,2.2349999999999994,0,0
2022,7,GAS,17.0,73.66,2.283999999999992,0,0
2022,7,STR,18.0,73.678,2.3019999999999925,0,0
2022,7,LAT,19.0,74.403,3.027000000000001,0,0
2022,7,ZHO,20.0,75.606,4.22999999999999,0,0
2022,8,LEC,1.0,101.359,0.0,1,1
2022,8,PER,2.0,101.641,0.2820000000000107,1,1
2022,8,VER,3.0,101.706,0.3470000000000084,1,1
2022,8,SAI,4.0,101.814,0.4549999999999983,1,1
2022,8,RUS,5.0,102.712,1.3530000000000086,1,1
2022,8,GAS,6.0,102.845,1.4860000000000042,1,1
2022,8,HAM,7.0,102.924,1.565000000000012,1,1
2022,8,TSU,8.0,103.056,1.6970000000000027,1,1
2022,8,VET,9.0,103.091,1.731999999999999,1,1
2022,8,ALO,10.0,103.173,1.8140000000000072,1,1
2022,8,NOR,11.0,103.398,2.039000000000001,0,1
2022,8,RIC,12.0,103.574,2.2150000000000034,0,1
2022,8,OCO,13.0,103.585,2.225999999999999,0,1
2022,8,ZHO,14.0,103.79,2.431000000000012,0,1
2022,8,BOT,15.0,104.444,3.085000000000008,0,1
2022,8,MAG,16.0,104.643,3.284000000000006,0,0
2022,8,ALB,17.0,104.719,3.3599999999999994,0,0
2022,8,LAT,18.0,105.367,4.00800000000001,0,0
2022,8,STR,19.0,105.371,4.0120000000000005,0,0
2022,8,MSC,20.0,105.775,4.416000000000011,0,0
2022,9,VER,1.0,81.299,0.0,1,1
2022,9,ALO,2.0,81.944,0.644999999999996,1,1
2022,9,SAI,3.0,82.096,0.796999999999997,1,1
2022,9,HAM,4.0,82.891,1.5919999999999987,1,1
2022,9,MAG,5.0,82.96,1.6609999999999872,1,1
2022,9,MSC,6.0,83.356,2.056999999999988,1,1
2022,9,OCO,7.0,83.529,2.2299999999999898,1,1
2022,9,RUS,8.0,83.557,2.257999999999996,1,1
2022,9,RIC,9.0,83.749,2.4499999999999886,1,1
2022,9,ZHO,10.0,84.03,2.7309999999999945,1,1
2022,9,BOT,11.0,86.788,5.48899999999999,0,1
2022,9,ALB,12.0,86.858,5.5589999999999975,0,1
2022,9,PER,13.0,93.127,11.827999999999989,0,1
2022,9,NOR,14.0,94.066,12.766999999999996,0,0
2022,9,LEC,15.0,93.008,11.708999999999987,0,0
2022,9,GAS,16.0,94.492,13.192999999999998,0,0
2022,9,VET,17.0,94.512,13.212999999999994,0,0
2022,9,STR,18.0,95.532,14.23299999999999,0,0
2022,9,LAT,19.0,95.66,14.36099999999999,0,0
2022,9,TSU,20.0,96.575,15.275999999999996,0,0
2022,10,SAI,1.0,100.983,0.0,1,1
2022,10,VER,2.0,101.055,0.0720000000000027,1,1
2022,10,LEC,3.0,101.298,0.3149999999999977,1,1
2022,10,PER,4.0,101.616,0.6329999999999956,1,1
2022,10,HAM,5.0,101.995,1.0120000000000005,1,1
2022,10,NOR,6.0,102.084,1.100999999999999,1,1
2022,10,ALO,7.0,102.116,1.1329999999999956,1,1
2022,10,RUS,8.0,102.161,1.1779999999999973,1,1
2022,10,ZHO,9.0,102.719,1.73599999999999,1,1
2022,10,LAT,10.0,123.095,22.111999999999995,1,1
2022,10,GAS,11.0,103.702,2.718999999999994,0,1
2022,10,BOT,12.0,104.232,3.2489999999999952,0,1
2022,10,TSU,13.0,104.311,3.328000000000003,0,1
2022,10,RIC,14.0,104.355,3.372,0,1
2022,10,OCO,15.0,105.19,4.206999999999994,0,1
2022,10,ALB,16.0,102.078,1.0949999999999989,0,0
2022,10,MAG,17.0,102.159,1.176000000000002,0,0
2022,10,VET,18.0,102.666,1.6829999999999927,0,0
2022,10,MSC,19.0,102.708,1.7249999999999943,0,0
2022,10,STR,20.0,103.43,2.4470000000000027,0,0
2022,11,VER,1.0,64.984,0.0,1,1
2022,11,LEC,2.0,65.013,0.0290000000000105,1,1
2022,11,SAI,3.0,65.066,0.0820000000000078,1,1
2022,11,RUS,4.0,65.431,0.4470000000000027,1,1
2022,11,OCO,5.0,65.726,0.7420000000000044,1,1
2022,11,MAG,6.0,65.879,0.8950000000000102,1,1
2022,11,MSC,7.0,66.011,1.027000000000001,1,1
2022,11,ALO,8.0,66.103,1.1189999999999998,1,1
2022,11,HAM,9.0,73.151,8.167000000000002,1,1
2022,11,GAS,10.0,66.16,1.176000000000002,0,1
2022,11,ALB,11.0,66.23,1.246000000000009,0,1
2022,11,BOT,12.0,66.319,1.335000000000008,0,1
2022,11,PER,13.0,66.458,1.4740000000000038,0,1
2022,11,TSU,14.0,66.851,1.8670000000000044,0,1
2022,11,NOR,15.0,85.847,20.863,0,1
2022,11,RIC,16.0,66.613,1.6290000000000049,0,0
2022,11,STR,17.0,66.847,1.8629999999999995,0,0
2022,11,ZHO,18.0,66.901,1.9170000000000016,0,0
2022,11,LAT,19.0,67.003,2.019000000000005,0,0
2022,11,VET,20.0,67.083,2.099000000000004,0,0
2022,12,LEC,1.0,90.872,0.0,1,1
2022,12,VER,2.0,91.176,0.304000000000002,1,1
2022,12,PER,3.0,91.335,0.4629999999999938,1,1
2022,12,HAM,4.0,91.765,0.8930000000000007,1,1
2022,12,NOR,5.0,92.032,1.1599999999999966,1,1
2022,12,RUS,6.0,92.131,1.2590000000000003,1,1
2022,12,ALO,7.0,92.552,1.6800000000000068,1,1
2022,12,TSU,8.0,92.78,1.9080000000000013,1,1
2022,12,SAI,9.0,91.081,0.2090000000000031,0,1
2022,12,MAG,10.0,92.649,1.777000000000001,0,1
2022,12,RIC,11.0,92.922,2.049999999999997,0,1
2022,12,OCO,12.0,93.048,2.176000000000002,0,1
2022,12,BOT,13.0,93.052,2.180000000000007,0,1
2022,12,VET,14.0,93.276,2.4039999999999964,0,1
2022,12,ALB,15.0,93.307,2.4350000000000023,0,1
2022,12,GAS,16.0,93.439,2.566999999999993,0,0
2022,12,STR,17.0,93.439,2.566999999999993,0,0
2022,12,ZHO,18.0,93.674,2.8020000000000067,0,0
2022,12,MSC,19.0,93.701,2.828999999999993,0,0
2022,12,LAT,20.0,93.794,2.921999999999997,0,0
2022,13,RUS,1.0,77.377,0.0,1,1
2022,13,SAI,2.0,77.421,0.0440000000000111,1,1
2022,13,LEC,3.0,77.567,0.1899999999999977,1,1
2022,13,NOR,4.0,77.769,0.3920000000000101,1,1
2022,13,OCO,5.0,78.018,0.6410000000000053,1,1
2022,13,ALO,6.0,78.078,0.7010000000000076,1,1
2022,13,HAM,7.0,78.142,0.7650000000000006,1,1
2022,13,BOT,8.0,78.157,0.7800000000000011,1,1
2022,13,RIC,9.0,78.379,1.0020000000000095,1,1
2022,13,VER,10.0,78.823,1.445999999999998,1,1
2022,13,PER,11.0,78.516,1.13900000000001,0,1
2022,13,ZHO,12.0,78.573,1.195999999999998,0,1
2022,13,MAG,13.0,78.825,1.4480000000000075,0,1
2022,13,STR,14.0,79.137,1.7600000000000051,0,1
2022,13,MSC,15.0,79.202,1.8250000000000028,0,1
2022,13,TSU,16.0,79.24,1.8629999999999995,0,0
2022,13,ALB,17.0,79.256,1.8790000000000049,0,0
2022,13,VET,18.0,79.273,1.8960000000000008,0,0
2022,13,GAS,19.0,79.527,2.1500000000000057,0,0
2022,13,LAT,20.0,79.57,2.192999999999998,0,0
2022,14,VER,1.0,103.665,0.0,1,1
2022,14,SAI,2.0,104.297,0.6319999999999908,1,1
2022,14,PER,3.0,104.462,0.796999999999997,1,1
2022,14,LEC,4.0,104.553,0.887999999999991,1,1
2022,14,OCO,5.0,105.18,1.5150000000000006,1,1
2022,14,ALO,6.0,105.368,1.7029999999999887,1,1
2022,14,HAM,7.0,105.503,1.8379999999999936,1,1
2022,14,RUS,8.0,105.776,2.11099999999999,1,1
2022,14,ALB,9.0,105.837,2.171999999999997,1,1
2022,14,NOR,10.0,106.178,2.512999999999991,1,1
2022,14,RIC,11.0,105.767,2.1019999999999897,0,1
2022,14,GAS,12.0,105.827,2.161999999999992,0,1
2022,14,ZHO,13.0,106.085,2.4199999999999875,0,1
2022,14,STR,14.0,106.611,2.945999999999998,0,1
2022,14,MSC,15.0,107.718,4.052999999999997,0,1
2022,14,VET,16.0,106.344,2.678999999999988,0,0
2022,14,LAT,17.0,106.401,2.73599999999999,0,0
2022,14,MAG,18.0,106.557,2.891999999999996,0,0
2022,14,TSU,19.0,106.692,3.026999999999987,0,0
2022,14,BOT,20.0,107.866,4.200999999999993,0,0
2022,15,VER,1.0,70.342,0.0,1,1
2022,15,LEC,2.0,70.363,0.0210000000000007,1,1
2022,15,SAI,3.0,70.434,0.0919999999999987,1,1
2022,15,HAM,4.0,70.648,0.3059999999999974,1,1
2022,15,PER,5.0,71.077,0.7349999999999994,1,1
2022,15,RUS,6.0,71.147,0.8050000000000068,1,1
2022,15,NOR,7.0,71.174,0.8320000000000078,1,1
2022,15,MSC,8.0,71.442,1.0999999999999943,1,1
2022,15,TSU,9.0,72.556,2.213999999999998,1,1
2022,15,STR,10.0,71.416,1.073999999999998,0,1
2022,15,GAS,11.0,71.512,1.1700000000000017,0,1
2022,15,OCO,12.0,71.605,1.2630000000000052,0,1
2022,15,ALO,13.0,71.613,1.2710000000000008,0,1
2022,15,ZHO,14.0,71.704,1.3619999999999948,0,1
2022,15,ALB,15.0,71.802,1.460000000000008,0,1
2022,15,BOT,16.0,71.961,1.6189999999999998,0,0
2022,15,RIC,17.0,72.081,1.7390000000000043,0,0
2022,15,MAG,18.0,72.319,1.977000000000004,0,0
2022,15,VET,19.0,72.391,2.0490000000000066,0,0
2022,15,LAT,20.0,73.353,3.010999999999996,0,0
2022,16,LEC,1.0,80.161,0.0,1,1
2022,16,VER,2.0,80.306,0.144999999999996,1,1
2022,16,SAI,3.0,80.429,0.2680000000000007,1,1
2022,16,PER,4.0,81.206,1.0450000000000017,1,1
2022,16,HAM,5.0,81.524,1.3629999999999995,1,1
2022,16,RUS,6.0,81.542,1.3810000000000002,1,1
2022,16,NOR,7.0,81.584,1.4230000000000018,1,1
2022,16,RIC,8.0,81.925,1.7639999999999958,1,1
2022,16,GAS,9.0,82.648,2.4869999999999948,1,1
2022,16,ALO,10.0,81.861,1.7000000000000028,0,1
2022,16,OCO,11.0,82.13,1.968999999999994,0,1
2022,16,BOT,12.0,82.235,2.073999999999998,0,1
2022,16,DEV,13.0,82.471,2.3100000000000023,0,1
2022,16,ZHO,14.0,82.577,2.415999999999997,0,1
2022,16,TSU,15.0,82.02,1.8589999999999949,0,0
2022,16,LAT,16.0,82.587,2.426000000000002,0,0
2022,16,VET,17.0,82.636,2.4749999999999943,0,0
2022,16,STR,18.0,82.748,2.587000000000004,0,0
2022,16,MAG,19.0,82.908,2.747,0,0
2022,16,MSC,20.0,83.005,2.843999999999994,0,0
2022,17,LEC,1.0,109.412,0.0,1,1
2022,17,PER,2.0,109.434,0.0219999999999913,1,1
2022,17,HAM,3.0,109.466,0.0539999999999878,1,1
2022,17,SAI,4.0,109.583,0.1709999999999922,1,1
2022,17,ALO,5.0,109.966,0.5539999999999878,1,1
2022,17,NOR,6.0,110.584,1.171999999999997,1,1
2022,17,GAS,7.0,111.211,1.7989999999999924,1,1
2022,17,VER,8.0,111.395,1.9829999999999897,1,1
2022,17,MAG,9.0,111.573,2.160999999999987,1,1
2022,17,TSU,10.0,111.983,2.570999999999998,1,1
2022,17,RUS,11.0,114.012,4.599999999999994,0,1
2022,17,STR,12.0,114.211,4.798999999999992,0,1
2022,17,MSC,13.0,114.37,4.957999999999998,0,1
2022,17,VET,14.0,114.38,4.967999999999989,0,1
2022,17,ZHO,15.0,115.518,6.1059999999999945,0,1
2022,17,BOT,16.0,116.083,6.670999999999992,0,0
2022,17,RIC,17.0,116.226,6.813999999999993,0,0
2022,17,OCO,18.0,116.337,6.924999999999997,0,0
2022,17,ALB,19.0,116.985,7.572999999999993,0,0
2022,17,LAT,20.0,117.532,8.11999999999999,0,0
2022,18,VER,1.0,89.304,0.0,1,1
2022,18,LEC,2.0,89.314,0.0099999999999909,1,1
2022,18,SAI,3.0,89.361,0.0570000000000021,1,1
2022,18,PER,4.0,89.709,0.4050000000000011,1,1
2022,18,OCO,5.0,90.165,0.8610000000000042,1,1
2022,18,HAM,6.0,90.261,0.9569999999999936,1,1
2022,18,ALO,7.0,90.322,1.018000000000001,1,1
2022,18,RUS,8.0,90.389,1.0849999999999935,1,1
2022,18,VET,9.0,90.554,1.25,1,1
2022,18,NOR,10.0,91.003,1.698999999999998,1,1
2022,18,RIC,11.0,90.659,1.355000000000004,0,1
2022,18,BOT,12.0,90.709,1.4050000000000011,0,1
2022,18,TSU,13.0,90.808,1.5040000000000049,0,1
2022,18,ZHO,14.0,90.953,1.649000000000001,0,1
2022,18,MSC,15.0,91.439,2.134999999999991,0,1
2022,18,ALB,16.0,91.311,2.007000000000005,0,0
2022,18,GAS,17.0,91.322,2.0180000000000007,0,0
2022,18,MAG,18.0,91.352,2.048000000000002,0,0
2022,18,STR,19.0,91.419,2.114999999999995,0,0
2022,18,LAT,20.0,91.511,2.2069999999999936,0,0
2022,19,SAI,1.0,94.356,0.0,1,1
2022,19,LEC,2.0,94.421,0.0650000000000119,1,1
2022,19,VER,3.0,94.448,0.0919999999999987,1,1
2022,19,PER,4.0,94.645,0.2890000000000015,1,1
2022,19,HAM,5.0,94.947,0.5910000000000082,1,1
2022,19,RUS,6.0,94.988,0.632000000000005,1,1
2022,19,STR,7.0,95.598,1.2420000000000044,1,1
2022,19,NOR,8.0,95.69,1.3340000000000032,1,1
2022,19,ALO,9.0,95.876,1.5200000000000102,1,1
2022,19,BOT,10.0,96.319,1.963000000000008,1,1
2022,19,ALB,11.0,96.368,2.0120000000000005,0,1
2022,19,VET,12.0,96.398,2.0420000000000016,0,1
2022,19,GAS,13.0,96.74,2.3840000000000003,0,1
2022,19,ZHO,14.0,96.97,2.6140000000000043,0,1
2022,19,TSU,15.0,97.147,2.791000000000011,0,1
2022,19,MAG,16.0,96.949,2.5930000000000035,0,0
2022,19,RIC,17.0,97.046,2.690000000000012,0,0
2022,19,OCO,18.0,97.068,2.712000000000004,0,0
2022,19,MSC,19.0,97.111,2.7550000000000097,0,0
2022,19,LAT,20.0,97.244,2.888000000000005,0,0
2022,20,VER,1.0,77.775,0.0,1,1
2022,20,RUS,2.0,78.079,0.3039999999999878,1,1
2022,20,HAM,3.0,78.084,0.3089999999999975,1,1
2022,20,PER,4.0,78.128,0.3529999999999944,1,1
2022,20,SAI,5.0,78.351,0.5759999999999934,1,1
2022,20,BOT,6.0,78.401,0.6259999999999906,1,1
2022,20,LEC,7.0,78.555,0.7800000000000011,1,1
2022,20,NOR,8.0,78.721,0.945999999999998,1,1
2022,20,ALO,9.0,78.939,1.1639999999999873,1,1
2022,20,OCO,10.0,79.01,1.2349999999999994,1,1
2022,20,RIC,11.0,79.325,1.5499999999999972,0,1
2022,20,ZHO,12.0,79.476,1.7009999999999934,0,1
2022,20,TSU,13.0,79.589,1.813999999999993,0,1
2022,20,GAS,14.0,79.672,1.896999999999992,0,1
2022,20,MAG,15.0,79.833,2.0579999999999927,0,1
2022,20,MSC,16.0,80.419,2.6439999999999912,0,0
2022,20,VET,17.0,80.419,2.6439999999999912,0,0
2022,20,STR,18.0,80.52,2.7449999999999903,0,0
2022,20,ALB,19.0,80.859,3.083999999999989,0,0
2022,20,LAT,20.0,81.167,3.391999999999996,0,0
2022,21,MAG,1.0,71.674,0.0,1,1
2022,21,VER,2.0,71.877,0.2029999999999887,1,1
2022,21,RUS,3.0,72.059,0.3849999999999909,1,1
2022,21,NOR,4.0,72.263,0.5889999999999986,1,1
2022,21,SAI,5.0,72.357,0.6829999999999927,1,1
2022,21,OCO,6.0,72.425,0.7509999999999906,1,1
2022,21,ALO,7.0,72.504,0.8299999999999983,1,1
2022,21,HAM,8.0,72.611,0.9369999999999976,1,1
2022,21,PER,9.0,75.601,3.926999999999993,1,1
2022,21,LEC,10.0,70.95,-0.7240000000000038,0,1
2022,21,ALB,11.0,71.631,-0.0430000000000063,0,1
2022,21,GAS,12.0,71.675,0.0009999999999905,0,1
2022,21,VET,13.0,71.678,0.0039999999999906,0,1
2022,21,RIC,14.0,72.14,0.465999999999994,0,1
2022,21,STR,15.0,72.21,0.5359999999999872,0,1
2022,21,LAT,16.0,75.095,3.4209999999999923,0,0
2022,21,ZHO,17.0,75.197,3.522999999999996,0,0
2022,21,BOT,18.0,75.486,3.8119999999999976,0,0
2022,21,TSU,19.0,76.264,4.589999999999989,0,0
2022,21,MSC,20.0,76.361,4.686999999999998,0,0
2022,22,VER,1.0,83.824,0.0,1,1
2022,22,PER,2.0,84.052,0.2280000000000086,1,1
2022,22,LEC,3.0,84.092,0.2680000000000007,1,1
2022,22,SAI,4.0,84.242,0.4180000000000063,1,1
2022,22,HAM,5.0,84.508,0.6839999999999975,1,1
2022,22,RUS,6.0,84.511,0.6869999999999976,1,1
2022,22,NOR,7.0,84.769,0.9450000000000074,1,1
2022,22,OCO,8.0,84.83,1.0060000000000002,1,1
2022,22,VET,9.0,84.961,1.1370000000000005,1,1
2022,22,RIC,10.0,85.045,1.2210000000000036,1,1
2022,22,ALO,11.0,85.096,1.2720000000000056,0,1
2022,22,TSU,12.0,85.219,1.394999999999996,0,1
2022,22,MSC,13.0,85.225,1.4009999999999962,0,1
2022,22,STR,14.0,85.359,1.5349999999999966,0,1
2022,22,ZHO,15.0,85.408,1.5840000000000032,0,1
2022,22,MAG,16.0,85.834,2.010000000000005,0,0
2022,22,GAS,17.0,85.859,2.0349999999999966,0,0
2022,22,BOT,18.0,85.892,2.067999999999998,0,0
2022,22,ALB,19.0,86.028,2.204000000000008,0,0
2022,22,LAT,20.0,86.054,2.230000000000004,0,0
2023,1,VER,1.0,89.708,0.0,1,1
2023,1,PER,2.0,89.846,0.1380000000000052,1,1
2023,1,LEC,3.0,90.0,0.2920000000000016,1,1
2023,1,SAI,4.0,90.154,0.4459999999999979,1,1
2023,1,ALO,5.0,90.336,0.6280000000000001,1,1
2023,1,RUS,6.0,90.34,0.632000000000005,1,1
2023,1,HAM,7.0,90.384,0.6760000000000019,1,1
2023,1,STR,8.0,90.836,1.128,1,1
2023,1,OCO,9.0,90.984,1.2759999999999962,1,1
2023,1,HUL,10.0,90.809,1.100999999999999,0,1
2023,1,NOR,11.0,91.381,1.6730000000000018,0,1
2023,1,BOT,12.0,91.443,1.7349999999999994,0,1
2023,1,ZHO,13.0,91.473,1.7650000000000006,0,1
2023,1,TSU,14.0,92.51,2.8020000000000067,0,1
2023,1,ALB,15.0,91.461,1.753,0,0
2023,1,SAR,16.0,91.652,1.9440000000000024,0,0
2023,1,MAG,17.0,91.892,2.183999999999997,0,0
2023,1,PIA,18.0,92.101,2.3930000000000007,0,0
2023,1,DEV,19.0,92.121,2.4129999999999967,0,0
2023,1,GAS,20.0,92.181,2.472999999999999,0,0
2023,2,PER,1.0,88.265,0.0,1,1
2023,2,LEC,2.0,88.42,0.1550000000000011,1,1
2023,2,ALO,3.0,88.73,0.4650000000000034,1,1
2023,2,RUS,4.0,88.857,0.5919999999999987,1,1
2023,2,SAI,5.0,88.931,0.6659999999999968,1,1
2023,2,STR,6.0,88.945,0.6799999999999926,1,1
2023,2,OCO,7.0,89.078,0.8130000000000024,1,1
2023,2,HAM,8.0,89.223,0.9579999999999984,1,1
2023,2,PIA,9.0,89.243,0.9779999999999944,1,1
2023,2,GAS,10.0,89.357,1.0919999999999987,1,1
2023,2,HUL,11.0,89.451,1.1859999999999928,0,1
2023,2,ZHO,12.0,89.461,1.195999999999998,0,1
2023,2,MAG,13.0,89.634,1.3689999999999998,0,1
2023,2,BOT,14.0,89.668,1.4030000000000058,0,1
2023,2,VER,15.0,109.953,21.688,0,1
2023,2,TSU,16.0,89.939,1.6739999999999924,0,0
2023,2,ALB,17.0,89.994,1.7289999999999992,0,0
2023,2,DEV,18.0,90.244,1.9789999999999992,0,0
2023,2,NOR,19.0,90.447,2.182000000000002,0,0
2023,2,SAR,20.0,128.51,40.24499999999999,0,0
2023,3,VER,1.0,76.732,0.0,1,1
2023,3,RUS,2.0,76.968,0.2360000000000042,1,1
2023,3,HAM,3.0,77.104,0.3719999999999999,1,1
2023,3,ALO,4.0,77.139,0.4069999999999965,1,1
2023,3,SAI,5.0,77.27,0.5379999999999967,1,1
2023,3,STR,6.0,77.308,0.5760000000000076,1,1
2023,3,LEC,7.0,77.369,0.6370000000000005,1,1
2023,3,ALB,8.0,77.609,0.8769999999999953,1,1
2023,3,GAS,9.0,77.675,0.9429999999999978,1,1
2023,3,HUL,10.0,77.735,1.003,1,1
2023,3,OCO,11.0,77.768,1.0360000000000014,0,1
2023,3,TSU,12.0,78.099,1.3670000000000044,0,1
2023,3,NOR,13.0,78.119,1.3870000000000005,0,1
2023,3,MAG,14.0,78.129,1.3970000000000056,0,1
2023,3,DEV,15.0,78.335,1.6029999999999944,0,1
2023,3,PIA,16.0,78.517,1.7849999999999966,0,0
2023,3,ZHO,17.0,78.54,1.808000000000007,0,0
2023,3,SAR,18.0,78.557,1.8250000000000028,0,0
2023,3,BOT,19.0,78.714,1.9819999999999995,0,0
2023,3,PER,20.0,,,0,0
2023,4,LEC,1.0,100.203,0.0,1,1
2023,4,VER,2.0,100.391,0.1880000000000024,1,1
2023,4,PER,3.0,100.495,0.2920000000000016,1,1
2023,4,SAI,4.0,101.016,0.8130000000000024,1,1
2023,4,HAM,5.0,101.177,0.9740000000000038,1,1
2023,4,ALO,6.0,101.253,1.0499999999999972,1,1
2023,4,NOR,7.0,101.281,1.078000000000003,1,1
2023,4,TSU,8.0,101.581,1.378,1,1
2023,4,STR,9.0,101.611,1.4080000000000013,1,1
2023,4,PIA,10.0,101.611,1.4080000000000013,1,1
2023,4,RUS,11.0,101.654,1.4509999999999934,0,1
2023,4,OCO,12.0,101.798,1.5949999999999989,0,1
2023,4,ALB,13.0,101.818,1.6149999999999949,0,1
2023,4,BOT,14.0,102.259,2.0559999999999974,0,1
2023,4,SAR,15.0,102.395,2.191999999999993,0,1
2023,4,ZHO,16.0,102.642,2.438999999999993,0,0
2023,4,HUL,17.0,102.755,2.5519999999999925,0,0
2023,4,MAG,18.0,103.417,3.213999999999998,0,0
2023,4,GAS,19.0,104.853,4.649999999999992,0,0
2023,4,DEV,20.0,115.282,15.078999999999994,0,0
2023,5,PER,1.0,86.841,0.0,1,1
2023,5,ALO,2.0,87.202,0.3610000000000042,1,1
2023,5,SAI,3.0,87.349,0.5080000000000098,1,1
2023,5,MAG,4.0,87.767,0.926000000000002,1,1
2023,5,GAS,5.0,87.786,0.9450000000000074,1,1
2023,5,RUS,6.0,87.804,0.963000000000008,1,1
2023,5,LEC,7.0,87.861,1.0200000000000102,1,1
2023,5,OCO,8.0,87.935,1.0940000000000083,1,1
2023,5,VER,9.0,86.814,-0.027000000000001,0,1
2023,5,BOT,10.0,87.564,0.722999999999999,0,1
2023,5,ALB,11.0,87.795,0.9540000000000076,0,1
2023,5,HUL,12.0,87.903,1.0620000000000118,0,1
2023,5,HAM,13.0,87.975,1.1340000000000003,0,1
2023,5,ZHO,14.0,88.091,1.25,0,1
2023,5,DEV,15.0,88.395,1.554000000000002,0,1
2023,5,NOR,16.0,88.394,1.5530000000000117,0,0
2023,5,TSU,17.0,88.429,1.588000000000008,0,0
2023,5,STR,18.0,88.476,1.6350000000000051,0,0
2023,5,PIA,19.0,88.484,1.643000000000001,0,0
2023,5,SAR,20.0,88.577,1.7360000000000042,0,0
2023,6,VER,1.0,71.365,0.0,1,1
2023,6,ALO,2.0,71.449,0.0840000000000031,1,1
2023,6,LEC,3.0,71.471,0.1060000000000087,1,1
2023,6,OCO,4.0,71.553,0.1880000000000024,1,1
2023,6,SAI,5.0,71.63,0.2650000000000005,1,1
2023,6,HAM,6.0,71.725,0.3599999999999994,1,1
2023,6,GAS,7.0,71.933,0.568000000000012,1,1
2023,6,RUS,8.0,71.964,0.5990000000000038,1,1
2023,6,TSU,9.0,72.082,0.7169999999999987,1,1
2023,6,NOR,10.0,72.254,0.88900000000001,1,1
2023,6,PIA,11.0,72.395,1.0300000000000011,0,1
2023,6,DEV,12.0,72.428,1.0630000000000024,0,1
2023,6,ALB,13.0,72.527,1.162000000000006,0,1
2023,6,STR,14.0,72.623,1.2580000000000098,0,1
2023,6,BOT,15.0,72.625,1.2600000000000051,0,1
2023,6,SAR,16.0,73.113,1.7480000000000049,0,0
2023,6,MAG,17.0,73.27,1.9050000000000007,0,0
2023,6,HUL,18.0,73.279,1.9140000000000013,0,0
2023,6,ZHO,19.0,73.523,2.1580000000000013,0,0
2023,6,PER,20.0,73.85,2.4849999999999994,0,0
2023,7,VER,1.0,72.272,0.0,1,1
2023,7,SAI,2.0,72.734,0.4619999999999891,1,1
2023,7,NOR,3.0,72.792,0.519999999999996,1,1
2023,7,GAS,4.0,72.816,0.5439999999999969,1,1
2023,7,HAM,5.0,72.818,0.5459999999999923,1,1
2023,7,STR,6.0,72.994,0.7219999999999942,1,1
2023,7,OCO,7.0,73.083,0.8109999999999928,1,1
2023,7,HUL,8.0,73.229,0.9569999999999936,1,1
2023,7,ALO,9.0,73.507,1.2349999999999994,1,1
2023,7,PIA,10.0,73.682,1.4099999999999966,1,1
2023,7,PER,11.0,73.334,1.0619999999999976,0,1
2023,7,RUS,12.0,73.447,1.1749999999999972,0,1
2023,7,ZHO,13.0,73.521,1.2489999999999952,0,1
2023,7,DEV,14.0,74.083,1.8109999999999928,0,1
2023,7,TSU,15.0,74.477,2.2049999999999983,0,1
2023,7,BOT,16.0,73.977,1.7049999999999983,0,0
2023,7,MAG,17.0,74.042,1.769999999999996,0,0
2023,7,ALB,18.0,74.063,1.7909999999999968,0,0
2023,7,LEC,19.0,74.079,1.806999999999988,0,0
2023,7,SAR,20.0,74.699,2.4269999999999925,0,0
2023,8,VER,1.0,85.858,0.0,1,1
2023,8,HUL,2.0,87.102,1.2439999999999998,1,1
2023,8,ALO,3.0,87.286,1.4279999999999973,1,1
2023,8,HAM,4.0,87.627,1.7689999999999912,1,1
2023,8,RUS,5.0,87.893,2.0349999999999966,1,1
2023,8,OCO,6.0,87.945,2.086999999999989,1,1
2023,8,NOR,7.0,88.046,2.1880000000000024,1,1
2023,8,SAI,8.0,89.294,3.435999999999993,1,1
2023,8,PIA,9.0,91.349,5.491,1,1
2023,8,ALB,10.0,78.725,-7.13300000000001,0,1
2023,8,LEC,11.0,80.615,-5.243000000000009,0,1
2023,8,PER,12.0,80.959,-4.899000000000001,0,1
2023,8,STR,13.0,81.484,-4.374000000000009,0,1
2023,8,MAG,14.0,81.678,-4.180000000000007,0,1
2023,8,BOT,15.0,81.821,-4.037000000000006,0,1
2023,8,TSU,16.0,82.746,-3.112000000000009,0,0
2023,8,GAS,17.0,82.886,-2.9720000000000084,0,0
2023,8,DEV,18.0,83.137,-2.721000000000004,0,0
2023,8,SAR,19.0,83.337,-2.521000000000001,0,0
2023,8,ZHO,20.0,83.342,-2.5160000000000053,0,0
2023,9,VER,1.0,64.391,0.0,1,1
2023,9,LEC,2.0,64.439,0.0479999999999876,1,1
2023,9,SAI,3.0,64.581,0.1899999999999977,1,1
2023,9,NOR,4.0,64.658,0.2669999999999959,1,1
2023,9,HAM,5.0,64.819,0.4279999999999972,1,1
2023,9,STR,6.0,64.893,0.5019999999999953,1,1
2023,9,ALO,7.0,64.911,0.519999999999996,1,1
2023,9,HUL,8.0,65.09,0.6989999999999981,1,1
2023,9,GAS,9.0,65.17,0.7789999999999964,1,1
2023,9,ALB,10.0,65.823,1.431999999999988,1,1
2023,9,RUS,11.0,65.428,1.036999999999992,0,1
2023,9,OCO,12.0,65.453,1.0619999999999976,0,1
2023,9,PIA,13.0,65.605,1.2139999999999986,0,1
2023,9,BOT,14.0,65.68,1.2890000000000017,0,1
2023,9,PER,15.0,126.688,62.297,0,1
2023,9,TSU,16.0,65.784,1.393000000000001,0,0
2023,9,ZHO,17.0,65.818,1.4269999999999925,0,0
2023,9,SAR,18.0,65.948,1.556999999999988,0,0
2023,9,MAG,19.0,65.971,1.5799999999999983,0,0
2023,9,DEV,20.0,65.974,1.5829999999999984,0,0
2023,10,VER,1.0,86.72,0.0,1,1
2023,10,NOR,2.0,86.961,0.2409999999999996,1,1
2023,10,PIA,3.0,87.092,0.3719999999999999,1,1
2023,10,LEC,4.0,87.136,0.4159999999999968,1,1
2023,10,SAI,5.0,87.148,0.4279999999999972,1,1
2023,10,RUS,6.0,87.155,0.4350000000000023,1,1
2023,10,HAM,7.0,87.211,0.4909999999999996,1,1
2023,10,ALB,8.0,87.53,0.8100000000000023,1,1
2023,10,ALO,9.0,87.659,0.9390000000000072,1,1
2023,10,GAS,10.0,87.689,0.968999999999994,1,1
2023,10,HUL,11.0,88.896,2.176000000000002,0,1
2023,10,STR,12.0,88.935,2.2150000000000034,0,1
2023,10,OCO,13.0,88.956,2.236000000000004,0,1
2023,10,SAR,14.0,89.031,2.311000000000007,0,1
2023,10,BOT,15.0,89.798,3.078000000000003,0,0
2023,10,PER,15.0,89.968,3.2480000000000047,0,0
2023,10,TSU,16.0,90.025,3.305000000000007,0,0
2023,10,ZHO,17.0,90.123,3.403000000000006,0,0
2023,10,DEV,18.0,90.513,3.7930000000000064,0,0
2023,10,MAG,19.0,92.378,5.658000000000001,0,0
2023,11,HAM,1.0,76.609,0.0,1,1
2023,11,VER,2.0,76.612,0.0030000000000001,1,1
2023,11,NOR,3.0,76.694,0.0850000000000079,1,1
2023,11,PIA,4.0,76.905,0.2960000000000065,1,1
2023,11,ZHO,5.0,76.971,0.362000000000009,1,1
2023,11,LEC,6.0,76.992,0.3830000000000098,1,1
2023,11,BOT,7.0,77.034,0.4250000000000113,1,1
2023,11,ALO,8.0,77.035,0.4260000000000019,1,1
2023,11,PER,9.0,77.045,0.436000000000007,1,1
2023,11,HUL,10.0,77.186,0.5770000000000124,1,1
2023,11,SAI,11.0,77.703,1.0940000000000083,0,1
2023,11,OCO,12.0,77.841,1.231999999999999,0,1
2023,11,RIC,13.0,78.002,1.393000000000001,0,1
2023,11,STR,14.0,78.144,1.5350000000000108,0,1
2023,11,GAS,15.0,78.217,1.608000000000004,0,1
2023,11,ALB,16.0,78.917,2.308000000000007,0,0
2023,11,TSU,17.0,78.919,2.3100000000000023,0,0
2023,11,RUS,18.0,79.027,2.4180000000000064,0,0
2023,11,MAG,19.0,79.206,2.5970000000000084,0,0
2023,11,SAR,20.0,79.248,2.63900000000001,0,0
2023,12,VER,1.0,106.168,0.0,1,1
2023,12,LEC,2.0,106.988,0.8199999999999932,1,1
2023,12,PER,3.0,107.045,0.8769999999999953,1,1
2023,12,HAM,4.0,107.087,0.9189999999999968,1,1
2023,12,SAI,5.0,107.152,0.9839999999999948,1,1
2023,12,PIA,6.0,107.365,1.1969999999999883,1,1
2023,12,NOR,7.0,107.669,1.5009999999999906,1,1
2023,12,RUS,8.0,107.805,1.6370000000000005,1,1
2023,12,ALO,9.0,107.843,1.6749999999999972,1,1
2023,12,STR,10.0,108.841,2.672999999999988,1,1
2023,12,TSU,11.0,113.148,6.97999999999999,0,1
2023,12,GAS,12.0,113.671,7.503,0,1
2023,12,MAG,13.0,114.16,7.99199999999999,0,1
2023,12,BOT,14.0,114.694,8.525999999999996,0,1
2023,12,OCO,15.0,116.372,10.203999999999994,0,1
2023,12,ALB,16.0,120.314,14.145999999999988,0,0
2023,12,ZHO,17.0,120.832,14.663999999999987,0,0
2023,12,SAR,18.0,121.535,15.36699999999999,0,0
2023,12,RIC,19.0,122.159,15.991,0,0
2023,12,HUL,20.0,123.166,16.99799999999999,0,0
2023,13,VER,1.0,70.567,0.0,1,1
2023,13,NOR,2.0,71.104,0.5370000000000061,1,1
2023,13,RUS,3.0,71.294,0.7270000000000039,1,1
2023,13,ALB,4.0,71.419,0.8520000000000039,1,1
2023,13,ALO,5.0,71.506,0.9390000000000072,1,1
2023,13,SAI,6.0,71.754,1.1870000000000118,1,1
2023,13,PER,7.0,71.88,1.3130000000000024,1,1
2023,13,PIA,8.0,71.938,1.371000000000009,1,1
2023,13,LEC,9.0,72.665,2.098000000000013,1,1
2023,13,SAR,10.0,76.748,6.181000000000012,1,1
2023,13,STR,11.0,80.121,9.554000000000002,0,1
2023,13,GAS,12.0,80.128,9.561000000000009,0,1
2023,13,HAM,13.0,80.151,9.584000000000003,0,1
2023,13,TSU,14.0,80.23,9.663000000000013,0,1
2023,13,HUL,15.0,80.25,9.683000000000009,0,1
2023,13,ZHO,16.0,82.067,11.5,0,0
2023,13,OCO,17.0,82.11,11.543000000000006,0,0
2023,13,MAG,18.0,82.192,11.625,0,0
2023,13,BOT,19.0,82.26,11.693000000000012,0,0
2023,13,LAW,20.0,83.42,12.853000000000009,0,0
2023,14,SAI,1.0,80.294,0.0,1,1
2023,14,VER,2.0,80.307,0.0130000000000052,1,1
2023,14,LEC,3.0,80.361,0.0670000000000072,1,1
2023,14,RUS,4.0,80.671,0.3770000000000095,1,1
2023,14,PER,5.0,80.688,0.3940000000000054,1,1
2023,14,ALB,6.0,80.76,0.4660000000000082,1,1
2023,14,PIA,7.0,80.785,0.4909999999999996,1,1
2023,14,HAM,8.0,80.82,0.5259999999999962,1,1
2023,14,NOR,9.0,80.979,0.6850000000000023,1,1
2023,14,ALO,10.0,81.417,1.1230000000000049,1,1
2023,14,TSU,11.0,81.594,1.2999999999999972,0,1
2023,14,LAW,12.0,81.758,1.4639999999999986,0,1
2023,14,HUL,13.0,81.776,1.481999999999999,0,1
2023,14,BOT,14.0,81.94,1.6460000000000008,0,1
2023,14,SAR,15.0,81.944,1.6500000000000057,0,1
2023,14,ZHO,16.0,82.39,2.096000000000004,0,0
2023,14,GAS,17.0,82.545,2.2510000000000048,0,0
2023,14,OCO,18.0,82.548,2.254000000000005,0,0
2023,14,MAG,19.0,82.592,2.298000000000002,0,0
2023,14,STR,20.0,82.86,2.5660000000000025,0,0
2023,15,SAI,1.0,90.984,0.0,1,1
2023,15,RUS,2.0,91.056,0.0720000000000027,1,1
2023,15,LEC,3.0,91.063,0.0790000000000077,1,1
2023,15,NOR,4.0,91.27,0.2860000000000013,1,1
2023,15,HAM,5.0,91.485,0.5010000000000048,1,1
2023,15,MAG,6.0,91.575,0.5910000000000082,1,1
2023,15,ALO,7.0,91.615,0.6310000000000002,1,1
2023,15,OCO,8.0,91.673,0.6890000000000072,1,1
2023,15,HUL,9.0,91.808,0.8240000000000123,1,1
2023,15,LAW,10.0,92.268,1.284000000000006,1,1
2023,15,VER,11.0,92.173,1.1890000000000072,0,1
2023,15,GAS,12.0,92.274,1.2900000000000065,0,1
2023,15,PER,13.0,92.31,1.3260000000000076,0,1
2023,15,ALB,14.0,93.719,2.7349999999999994,0,1
2023,15,TSU,15.0,91.991,1.007000000000005,0,0
2023,15,BOT,16.0,92.809,1.8250000000000028,0,0
2023,15,PIA,17.0,92.902,1.9180000000000064,0,0
2023,15,SAR,18.0,93.252,2.2680000000000007,0,0
2023,15,ZHO,19.0,93.258,2.274000000000001,0,0
2023,15,STR,20.0,93.397,2.413000000000011,0,0
2023,16,VER,1.0,88.877,0.0,1,1
2023,16,PIA,2.0,89.458,0.5810000000000031,1,1
2023,16,NOR,3.0,89.493,0.6159999999999997,1,1
2023,16,LEC,4.0,89.542,0.6650000000000063,1,1
2023,16,PER,5.0,89.65,0.7730000000000103,1,1
2023,16,SAI,6.0,89.85,0.972999999999999,1,1
2023,16,HAM,7.0,89.908,1.031000000000006,1,1
2023,16,RUS,8.0,90.219,1.3419999999999987,1,1
2023,16,TSU,9.0,90.303,1.426000000000002,1,1
2023,16,ALO,10.0,90.56,1.683000000000007,1,1
2023,16,LAW,11.0,90.508,1.6310000000000002,0,1
2023,16,GAS,12.0,90.509,1.632000000000005,0,1
2023,16,ALB,13.0,90.537,1.6600000000000108,0,1
2023,16,OCO,14.0,90.586,1.7090000000000032,0,1
2023,16,MAG,15.0,90.665,1.788000000000011,0,1
2023,16,BOT,16.0,91.049,2.172000000000012,0,0
2023,16,STR,17.0,91.181,2.304000000000002,0,0
2023,16,HUL,18.0,91.299,2.422000000000012,0,0
2023,16,ZHO,19.0,91.398,2.521000000000001,0,0
2023,16,SAR,20.0,,,0,0
2023,17,VER,1.0,83.778,0.0,1,1
2023,17,RUS,2.0,84.219,0.4409999999999883,1,1
2023,17,HAM,3.0,84.305,0.527000000000001,1,1
2023,17,ALO,4.0,84.369,0.590999999999994,1,1
2023,17,LEC,5.0,84.424,0.6460000000000008,1,1
2023,17,PIA,6.0,84.54,0.7620000000000005,1,1
2023,17,GAS,7.0,84.553,0.7749999999999915,1,1
2023,17,OCO,8.0,84.763,0.9849999999999994,1,1
2023,17,BOT,9.0,85.058,1.2800000000000011,1,1
2023,17,NOR,10.0,84.685,0.9069999999999964,0,1
2023,17,TSU,11.0,85.301,1.522999999999996,0,1
2023,17,SAI,12.0,85.328,1.5499999999999972,0,1
2023,17,PER,13.0,85.462,1.6839999999999975,0,1
2023,17,ALB,14.0,85.707,1.928999999999988,0,1
2023,17,HUL,15.0,85.783,2.0049999999999955,0,1
2023,17,SAR,16.0,86.21,2.431999999999988,0,0
2023,17,STR,17.0,86.345,2.566999999999993,0,0
2023,17,LAW,18.0,86.635,2.857,0,0
2023,17,MAG,19.0,87.046,3.2680000000000007,0,0
2023,17,ZHO,20.0,87.432,3.653999999999997,0,0
2023,18,LEC,1.0,94.723,0.0,1,1
2023,18,NOR,2.0,94.853,0.1299999999999954,1,1
2023,18,HAM,3.0,94.862,0.1389999999999958,1,1
2023,18,SAI,4.0,94.945,0.2219999999999942,1,1
2023,18,RUS,5.0,95.079,0.3559999999999945,1,1
2023,18,VER,6.0,95.081,0.3580000000000041,1,1
2023,18,GAS,7.0,95.089,0.3659999999999996,1,1
2023,18,OCO,8.0,95.154,0.4309999999999974,1,1
2023,18,PER,9.0,95.173,0.4500000000000028,1,1
2023,18,PIA,10.0,95.467,0.7439999999999998,1,1
2023,18,TSU,11.0,95.697,0.9740000000000038,0,1
2023,18,ZHO,12.0,95.698,0.9749999999999944,0,1
2023,18,BOT,13.0,95.858,1.1350000000000051,0,1
2023,18,MAG,14.0,95.88,1.1569999999999965,0,1
2023,18,RIC,15.0,95.974,1.2510000000000048,0,1
2023,18,HUL,16.0,96.235,1.5120000000000005,0,0
2023,18,ALO,17.0,96.268,1.5450000000000017,0,0
2023,18,ALB,18.0,96.315,1.5919999999999987,0,0
2023,18,STR,19.0,96.589,1.866,0,0
2023,18,SAR,20.0,96.827,2.103999999999999,0,0
2023,19,LEC,1.0,77.166,0.0,1,1
2023,19,SAI,2.0,77.233,0.0670000000000072,1,1
2023,19,VER,3.0,77.263,0.0970000000000084,1,1
2023,19,RIC,4.0,77.382,0.2160000000000081,1,1
2023,19,PER,5.0,77.423,0.257000000000005,1,1
2023,19,HAM,6.0,77.454,0.2879999999999967,1,1
2023,19,PIA,7.0,77.623,0.4570000000000078,1,1
2023,19,RUS,8.0,77.674,0.5080000000000098,1,1
2023,19,BOT,9.0,78.032,0.8659999999999997,1,1
2023,19,ZHO,10.0,78.05,0.8840000000000003,1,1
2023,19,GAS,11.0,78.521,1.355000000000004,0,1
2023,19,HUL,12.0,78.524,1.358000000000004,0,1
2023,19,ALO,13.0,78.738,1.5720000000000027,0,1
2023,19,ALB,14.0,79.147,1.9810000000000088,0,1
2023,19,TSU,15.0,78.89,1.7240000000000038,0,0
2023,19,OCO,16.0,79.08,1.9140000000000013,0,0
2023,19,MAG,17.0,79.163,1.997,0,0
2023,19,STR,18.0,79.227,2.061000000000007,0,0
2023,19,NOR,19.0,81.554,4.388000000000005,0,0
2023,19,SAR,20.0,,,0,0
2023,20,VER,1.0,70.727,0.0,1,1
2023,20,LEC,2.0,71.021,0.2939999999999969,1,1
2023,20,STR,3.0,71.344,0.6169999999999902,1,1
2023,20,ALO,4.0,71.387,0.6599999999999966,1,1
2023,20,HAM,5.0,71.469,0.7419999999999902,1,1
2023,20,RUS,6.0,71.59,0.8629999999999995,1,1
2023,20,NOR,7.0,71.987,1.259999999999991,1,1
2023,20,SAI,8.0,71.989,1.2620000000000005,1,1
2023,20,PER,9.0,72.321,1.593999999999994,1,1
2023,20,PIA,10.0,70.33,-0.3970000000000055,0,1
2023,20,HUL,11.0,70.547,-0.1800000000000068,0,1
2023,20,OCO,12.0,70.562,-0.1650000000000062,0,1
2023,20,GAS,13.0,70.567,-0.1600000000000108,0,1
2023,20,MAG,14.0,70.723,-0.0040000000000048,0,1
2023,20,ALB,15.0,70.84,0.1129999999999995,0,1
2023,20,TSU,16.0,70.837,0.1099999999999994,0,0
2023,20,RIC,17.0,70.843,0.1159999999999996,0,0
2023,20,BOT,18.0,70.955,0.2279999999999944,0,0
2023,20,SAR,19.0,71.035,0.3079999999999927,0,0
2023,20,ZHO,20.0,71.275,0.5480000000000018,0,0
2023,21,LEC,1.0,92.726,0.0,1,1
2023,21,SAI,2.0,92.77,0.0439999999999969,1,1
2023,21,VER,3.0,93.104,0.3780000000000001,1,1
2023,21,RUS,4.0,93.112,0.3859999999999957,1,1
2023,21,GAS,5.0,93.239,0.5130000000000052,1,1
2023,21,ALB,6.0,93.323,0.5969999999999942,1,1
2023,21,SAR,7.0,93.513,0.7870000000000061,1,1
2023,21,BOT,8.0,93.525,0.7990000000000066,1,1
2023,21,MAG,9.0,93.537,0.811000000000007,1,1
2023,21,ALO,10.0,93.555,0.8290000000000077,1,1
2023,21,HAM,11.0,93.837,1.1110000000000042,0,1
2023,21,PER,12.0,93.855,1.1290000000000049,0,1
2023,21,HUL,13.0,93.979,1.253,0,1
2023,21,STR,14.0,94.199,1.472999999999999,0,1
2023,21,RIC,15.0,94.308,1.5820000000000078,0,1
2023,21,NOR,16.0,94.703,1.977000000000004,0,0
2023,21,OCO,17.0,94.834,2.108000000000004,0,0
2023,21,ZHO,18.0,94.849,2.1230000000000047,0,0
2023,21,PIA,19.0,94.85,2.1239999999999952,0,0
2023,21,TSU,20.0,96.447,3.721000000000004,0,0
2023,22,VER,1.0,83.445,0.0,1,1
2023,22,LEC,2.0,83.584,0.13900000000001,1,1
2023,22,PIA,3.0,83.782,0.3370000000000033,1,1
2023,22,RUS,4.0,83.788,0.3430000000000035,1,1
2023,22,NOR,5.0,83.816,0.3710000000000093,1,1
2023,22,TSU,6.0,83.968,0.5230000000000103,1,1
2023,22,ALO,7.0,84.084,0.63900000000001,1,1
2023,22,HUL,8.0,84.108,0.6630000000000109,1,1
2023,22,PER,9.0,84.171,0.7260000000000133,1,1
2023,22,GAS,10.0,84.548,1.1030000000000086,1,1
2023,22,HAM,11.0,84.359,0.9140000000000016,0,1
2023,22,OCO,12.0,84.391,0.9460000000000122,0,1
2023,22,STR,13.0,84.422,0.977000000000004,0,1
2023,22,ALB,14.0,84.439,0.9939999999999998,0,1
2023,22,RIC,15.0,84.442,0.997,0,1
2023,22,SAI,16.0,84.738,1.2930000000000064,0,0
2023,22,MAG,17.0,84.764,1.3190000000000026,0,0
2023,22,BOT,18.0,84.788,1.3430000000000035,0,0
2023,22,ZHO,19.0,85.159,1.7140000000000128,0,0
2023,22,SAR,20.0,,,0,0
2024,1,VER,1.0,89.179,0.0,1,1
2024,1,LEC,2.0,89.407,0.2279999999999944,1,1
2024,1,RUS,3.0,89.485,0.3059999999999974,1,1
2024,1,SAI,4.0,89.507,0.3280000000000029,1,1
2024,1,PER,5.0,89.537,0.3580000000000041,1,1
2024,1,ALO,6.0,89.542,0.3629999999999995,1,1
2024,1,NOR,7.0,89.614,0.4350000000000023,1,1
2024,1,PIA,8.0,89.683,0.5040000000000049,1,1
2024,1,HAM,9.0,89.71,0.5309999999999917,1,1
2024,1,HUL,10.0,90.502,1.3229999999999933,1,1
2024,1,TSU,11.0,90.129,0.9500000000000028,0,1
2024,1,STR,12.0,90.2,1.0210000000000008,0,1
2024,1,ALB,13.0,90.221,1.0420000000000016,0,1
2024,1,RIC,14.0,90.278,1.0990000000000038,0,1
2024,1,MAG,15.0,90.529,1.3499999999999943,0,1
2024,1,BOT,16.0,90.756,1.5769999999999982,0,0
2024,1,ZHO,17.0,90.757,1.578000000000003,0,0
2024,1,SAR,18.0,90.77,1.590999999999994,0,0
2024,1,OCO,19.0,90.793,1.6140000000000043,0,0
2024,1,GAS,20.0,90.948,1.7689999999999912,0,0
2024,2,VER,1.0,87.472,0.0,1,1
2024,2,LEC,2.0,87.791,0.3190000000000026,1,1
2024,2,PER,3.0,87.807,0.3350000000000079,1,1
2024,2,ALO,4.0,87.846,0.3740000000000094,1,1
2024,2,PIA,5.0,88.089,0.6170000000000044,1,1
2024,2,NOR,6.0,88.132,0.6600000000000108,1,1
2024,2,RUS,7.0,88.316,0.8440000000000083,1,1
2024,2,HAM,8.0,88.46,0.9879999999999995,1,1
2024,2,TSU,9.0,88.547,1.0750000000000028,1,1
2024,2,STR,10.0,88.572,1.1000000000000083,1,1
2024,2,BEA,11.0,88.642,1.1700000000000017,0,1
2024,2,ALB,12.0,88.98,1.5080000000000098,0,1
2024,2,MAG,13.0,89.02,1.5480000000000018,0,1
2024,2,RIC,14.0,89.025,1.5530000000000117,0,1
2024,2,HUL,15.0,89.055,1.5830000000000126,0,0
2024,2,BOT,16.0,89.179,1.7070000000000078,0,0
2024,2,OCO,17.0,89.475,2.003,0,0
2024,2,GAS,18.0,89.479,2.007000000000005,0,0
2024,2,SAR,19.0,89.526,2.054000000000002,0,0
2024,2,ZHO,20.0,,,0,0
2024,3,VER,1.0,75.915,0.0,1,1
2024,3,SAI,2.0,76.185,0.269999999999996,1,1
2024,3,PER,3.0,76.274,0.3589999999999946,1,1
2024,3,NOR,4.0,76.315,0.3999999999999915,1,1
2024,3,LEC,5.0,76.435,0.519999999999996,1,1
2024,3,PIA,6.0,76.572,0.6569999999999965,1,1
2024,3,RUS,7.0,76.724,0.8089999999999975,1,1
2024,3,TSU,8.0,76.788,0.8729999999999905,1,1
2024,3,STR,9.0,77.072,1.1569999999999965,1,1
2024,3,ALO,10.0,77.552,1.6370000000000005,1,1
2024,3,HAM,11.0,76.96,1.0449999999999875,0,1
2024,3,ALB,12.0,77.167,1.2519999999999951,0,1
2024,3,BOT,13.0,77.34,1.4249999999999972,0,1
2024,3,MAG,14.0,77.427,1.5120000000000005,0,1
2024,3,OCO,15.0,77.697,1.7819999999999965,0,1
2024,3,HUL,16.0,77.976,2.060999999999993,0,0
2024,3,GAS,17.0,77.982,2.066999999999993,0,0
2024,3,RIC,18.0,78.085,2.1699999999999875,0,0
2024,3,ZHO,19.0,78.188,2.272999999999996,0,0
2024,4,VER,1.0,88.197,0.0,1,1
2024,4,PER,2.0,88.263,0.0660000000000025,1,1
2024,4,NOR,3.0,88.489,0.2920000000000016,1,1
2024,4,SAI,4.0,88.682,0.4849999999999994,1,1
2024,4,ALO,5.0,88.686,0.4890000000000043,1,1
2024,4,PIA,6.0,88.76,0.5630000000000024,1,1
2024,4,HAM,7.0,88.766,0.5690000000000026,1,1
2024,4,LEC,8.0,88.786,0.5889999999999986,1,1
2024,4,RUS,9.0,89.008,0.8109999999999928,1,1
2024,4,TSU,10.0,89.413,1.215999999999994,1,1
2024,4,RIC,11.0,89.472,1.2749999999999917,0,1
2024,4,HUL,12.0,89.494,1.296999999999997,0,1
2024,4,BOT,13.0,89.593,1.3960000000000008,0,1
2024,4,ALB,14.0,89.714,1.516999999999996,0,1
2024,4,OCO,15.0,89.816,1.6189999999999998,0,1
2024,4,STR,16.0,90.024,1.8269999999999984,0,0
2024,4,GAS,17.0,90.119,1.921999999999997,0,0
2024,4,MAG,18.0,90.131,1.9339999999999973,0,0
2024,4,SAR,19.0,90.139,1.941999999999993,0,0
2024,4,ZHO,20.0,90.143,1.945999999999998,0,0
2024,5,VER,1.0,93.66,0.0,1,1
2024,5,PER,2.0,93.982,0.3220000000000027,1,1
2024,5,ALO,3.0,94.148,0.4879999999999995,1,1
2024,5,NOR,4.0,94.165,0.5050000000000097,1,1
2024,5,PIA,5.0,94.273,0.6129999999999995,1,1
2024,5,LEC,6.0,94.289,0.6290000000000049,1,1
2024,5,SAI,7.0,94.297,0.6370000000000005,1,1
2024,5,RUS,8.0,94.433,0.7730000000000103,1,1
2024,5,HUL,9.0,94.604,0.9440000000000026,1,1
2024,5,BOT,10.0,94.665,1.0050000000000097,1,1
2024,5,STR,11.0,94.838,1.1779999999999973,0,1
2024,5,RIC,12.0,94.934,1.274000000000001,0,1
2024,5,OCO,13.0,95.223,1.5630000000000024,0,1
2024,5,ALB,14.0,95.241,1.581000000000003,0,1
2024,5,GAS,15.0,95.463,1.8029999999999973,0,1
2024,5,ZHO,16.0,95.505,1.8449999999999989,0,0
2024,5,MAG,17.0,95.516,1.8560000000000088,0,0
2024,5,HAM,18.0,95.573,1.9129999999999967,0,0
2024,5,TSU,19.0,95.746,2.0859999999999985,0,0
2024,5,SAR,20.0,96.358,2.6980000000000075,0,0
2024,6,VER,1.0,87.241,0.0,1,1
2024,6,LEC,2.0,87.382,0.1410000000000053,1,1
2024,6,SAI,3.0,87.455,0.2139999999999986,1,1
2024,6,PER,4.0,87.46,0.2189999999999941,1,1
2024,6,NOR,5.0,87.594,0.3529999999999944,1,1
2024,6,PIA,6.0,87.675,0.4339999999999975,1,1
2024,6,RUS,7.0,88.067,0.8259999999999934,1,1
2024,6,HAM,8.0,88.107,0.8659999999999997,1,1
2024,6,HUL,9.0,88.146,0.9050000000000012,1,1
2024,6,TSU,10.0,88.192,0.9509999999999934,1,1
2024,6,STR,11.0,88.222,0.9809999999999944,0,1
2024,6,GAS,12.0,88.324,1.0829999999999984,0,1
2024,6,OCO,13.0,88.371,1.1299999999999957,0,1
2024,6,ALB,14.0,88.413,1.171999999999997,0,1
2024,6,ALO,15.0,88.427,1.186000000000007,0,1
2024,6,BOT,16.0,88.463,1.2219999999999942,0,0
2024,6,SAR,17.0,88.487,1.2459999999999951,0,0
2024,6,RIC,18.0,88.617,1.3760000000000048,0,0
2024,6,MAG,19.0,88.619,1.378,0,0
2024,6,ZHO,20.0,88.824,1.5829999999999984,0,0
2024,7,VER,1.0,74.746,0.0,1,1
2024,7,PIA,2.0,74.82,0.073999999999998,1,1
2024,7,NOR,3.0,74.837,0.0910000000000081,1,1
2024,7,LEC,4.0,74.97,0.2240000000000037,1,1
2024,7,SAI,5.0,75.233,0.487000000000009,1,1
2024,7,RUS,6.0,75.234,0.4879999999999995,1,1
2024,7,TSU,7.0,75.465,0.7190000000000083,1,1
2024,7,HAM,8.0,75.504,0.7580000000000098,1,1
2024,7,RIC,9.0,75.674,0.9280000000000116,1,1
2024,7,HUL,10.0,75.98,1.2340000000000089,1,1
2024,7,PER,11.0,75.706,0.960000000000008,0,1
2024,7,OCO,12.0,75.906,1.1600000000000108,0,1
2024,7,STR,13.0,75.992,1.246000000000009,0,1
2024,7,ALB,14.0,76.2,1.4540000000000075,0,1
2024,7,GAS,15.0,76.381,1.6350000000000051,0,1
2024,7,BOT,16.0,76.626,1.8800000000000097,0,0
2024,7,ZHO,17.0,76.834,2.088000000000008,0,0
2024,7,MAG,18.0,76.854,2.108000000000004,0,0
2024,7,ALO,19.0,76.917,2.1710000000000065,0,0
2024,7,SAR,20.0,,,0,0
2024,8,LEC,1.0,70.27,0.0,1,1
2024,8,PIA,2.0,70.424,0.1540000000000105,1,1
2024,8,SAI,3.0,70.518,0.2480000000000046,1,1
2024,8,NOR,4.0,70.542,0.2720000000000055,1,1
2024,8,RUS,5.0,70.543,0.2730000000000103,1,1
2024,8,VER,6.0,70.567,0.296999999999997,1,1
2024,8,HAM,7.0,70.621,0.3509999999999991,1,1
2024,8,TSU,8.0,70.858,0.5880000000000081,1,1
2024,8,ALB,9.0,70.948,0.6779999999999973,1,1
2024,8,GAS,10.0,71.311,1.041000000000011,1,1
2024,8,OCO,11.0,71.285,1.0150000000000006,0,1
2024,8,RIC,12.0,71.482,1.2120000000000033,0,1
2024,8,STR,13.0,71.563,1.2930000000000064,0,1
2024,8,HUL,14.0,71.44,1.1700000000000017,0,1
2024,8,ALO,14.0,72.019,1.7490000000000094,0,0
2024,8,SAR,15.0,72.02,1.75,0,0
2024,8,MAG,15.0,71.725,1.4549999999999983,0,1
2024,8,PER,16.0,72.06,1.7900000000000065,0,0
2024,8,BOT,17.0,72.512,2.2420000000000044,0,0
2024,8,ZHO,18.0,73.028,2.7580000000000098,0,0
2024,9,RUS,1.0,72.0,0.0,1,1
2024,9,VER,2.0,72.0,0.0,1,1
2024,9,NOR,3.0,72.021,0.0210000000000007,1,1
2024,9,PIA,4.0,72.103,0.1029999999999944,1,1
2024,9,RIC,5.0,72.178,0.1779999999999972,1,1
2024,9,ALO,6.0,72.228,0.2279999999999944,1,1
2024,9,HAM,7.0,72.28,0.2800000000000011,1,1
2024,9,TSU,8.0,72.414,0.4140000000000015,1,1
2024,9,STR,9.0,72.701,0.7009999999999934,1,1
2024,9,ALB,10.0,72.796,0.7960000000000065,1,1
2024,9,LEC,11.0,72.691,0.6910000000000025,0,1
2024,9,SAI,12.0,72.728,0.7279999999999944,0,1
2024,9,SAR,13.0,72.736,0.7360000000000042,0,1
2024,9,MAG,14.0,72.916,0.9159999999999968,0,1
2024,9,GAS,15.0,72.94,0.9399999999999976,0,1
2024,9,PER,16.0,73.326,1.3259999999999934,0,0
2024,9,BOT,17.0,73.366,1.3659999999999997,0,0
2024,9,OCO,18.0,73.435,1.4350000000000025,0,0
2024,9,HUL,19.0,73.978,1.9779999999999944,0,0
2024,9,ZHO,20.0,74.292,2.2920000000000016,0,0
2024,10,NOR,1.0,71.383,0.0,1,1
2024,10,VER,2.0,71.403,0.0200000000000102,1,1
2024,10,HAM,3.0,71.701,0.3179999999999978,1,1
2024,10,RUS,4.0,71.703,0.3200000000000074,1,1
2024,10,LEC,5.0,71.731,0.347999999999999,1,1
2024,10,SAI,6.0,71.736,0.3530000000000086,1,1
2024,10,GAS,7.0,71.857,0.4740000000000037,1,1
2024,10,PER,8.0,72.061,0.6780000000000115,1,1
2024,10,OCO,9.0,72.125,0.7420000000000044,1,1
2024,10,PIA,10.0,72.011,0.6280000000000001,0,1
2024,10,ALO,11.0,72.128,0.7450000000000045,0,1
2024,10,BOT,12.0,72.227,0.8440000000000083,0,1
2024,10,HUL,13.0,72.31,0.9270000000000068,0,1
2024,10,STR,14.0,72.372,0.9890000000000044,0,1
2024,10,ZHO,15.0,72.738,1.355000000000004,0,1
2024,10,MAG,16.0,72.937,1.554000000000002,0,0
2024,10,TSU,17.0,72.985,1.602000000000004,0,0
2024,10,RIC,18.0,73.075,1.6920000000000073,0,0
2024,10,ALB,19.0,73.153,1.7700000000000102,0,0
2024,10,SAR,20.0,73.509,2.1260000000000048,0,0
2024,11,VER,1.0,64.314,0.0,1,1
2024,11,NOR,2.0,64.718,0.4040000000000106,1,1
2024,11,RUS,3.0,64.84,0.5260000000000105,1,1
2024,11,SAI,4.0,64.851,0.5370000000000061,1,1
2024,11,HAM,5.0,64.903,0.5890000000000128,1,1
2024,11,LEC,6.0,65.044,0.730000000000004,1,1
2024,11,PIA,7.0,65.048,0.7340000000000089,1,1
2024,11,PER,8.0,65.202,0.8880000000000052,1,1
2024,11,HUL,9.0,65.385,1.0710000000000122,1,1
2024,11,OCO,10.0,65.883,1.5690000000000026,1,1
2024,11,RIC,11.0,65.289,0.9750000000000084,0,1
2024,11,MAG,12.0,65.347,1.0330000000000013,0,1
2024,11,GAS,13.0,65.359,1.0450000000000017,0,1
2024,11,TSU,14.0,65.412,1.0980000000000132,0,1
2024,11,ALO,15.0,65.639,1.3250000000000028,0,1
2024,11,ALB,16.0,65.736,1.4220000000000113,0,0
2024,11,STR,17.0,65.819,1.5050000000000097,0,0
2024,11,BOT,18.0,65.847,1.5330000000000013,0,0
2024,11,SAR,19.0,65.856,1.5420000000000016,0,0
2024,11,ZHO,20.0,66.061,1.747000000000014,0,0
2024,12,RUS,1.0,85.819,0.0,1,1
2024,12,HAM,2.0,85.99,0.1709999999999922,1,1
2024,12,NOR,3.0,86.03,0.2109999999999985,1,1
2024,12,VER,4.0,86.203,0.3840000000000003,1,1
2024,12,PIA,5.0,86.237,0.4179999999999921,1,1
2024,12,HUL,6.0,86.338,0.5189999999999912,1,1
2024,12,SAI,7.0,86.509,0.6899999999999977,1,1
2024,12,STR,8.0,86.585,0.7659999999999911,1,1
2024,12,ALB,9.0,86.64,0.820999999999998,1,1
2024,12,ALO,10.0,86.917,1.097999999999999,1,1
2024,12,LEC,11.0,87.097,1.2779999999999916,0,1
2024,12,SAR,12.0,87.175,1.3559999999999943,0,1
2024,12,TSU,13.0,87.269,1.4500000000000028,0,1
2024,12,ZHO,14.0,87.867,2.048000000000002,0,1
2024,12,RIC,15.0,87.949,2.1299999999999955,0,1
2024,12,BOT,16.0,92.431,6.611999999999995,0,0
2024,12,MAG,17.0,92.905,7.085999999999999,0,0
2024,12,OCO,18.0,94.557,8.738,0,0
2024,12,PER,19.0,98.348,12.528999999999996,0,0
2024,12,GAS,20.0,99.804,13.985,0,0
2024,13,NOR,1.0,75.227,0.0,1,1
2024,13,PIA,2.0,75.249,0.0219999999999913,1,1
2024,13,VER,3.0,75.273,0.0459999999999922,1,1
2024,13,SAI,4.0,75.696,0.4689999999999941,1,1
2024,13,HAM,5.0,75.854,0.6269999999999953,1,1
2024,13,LEC,6.0,75.905,0.6779999999999973,1,1
2024,13,ALO,7.0,76.043,0.8160000000000025,1,1
2024,13,STR,8.0,76.244,1.016999999999996,1,1
2024,13,RIC,9.0,76.447,1.2199999999999989,1,1
2024,13,TSU,10.0,76.477,1.25,1,1
2024,13,HUL,11.0,76.317,1.0899999999999892,0,1
2024,13,BOT,12.0,76.384,1.1569999999999965,0,1
2024,13,ALB,13.0,76.429,1.2019999999999982,0,1
2024,13,SAR,14.0,76.543,1.3160000000000025,0,1
2024,13,MAG,15.0,76.548,1.320999999999998,0,1
2024,13,PER,16.0,77.886,2.658999999999992,0,0
2024,13,RUS,17.0,77.968,2.741,0,0
2024,13,ZHO,18.0,78.037,2.8100000000000023,0,0
2024,13,OCO,19.0,78.049,2.8220000000000027,0,0
2024,13,GAS,20.0,78.166,2.938999999999993,0,0
2024,14,VER,1.0,113.159,0.0,1,1
2024,14,LEC,2.0,113.754,0.5949999999999989,1,1
2024,14,PER,3.0,113.765,0.6059999999999945,1,1
2024,14,HAM,4.0,113.835,0.6759999999999877,1,1
2024,14,NOR,5.0,113.981,0.8219999999999885,1,1
2024,14,PIA,6.0,114.027,0.867999999999995,1,1
2024,14,RUS,7.0,114.184,1.0249999999999917,1,1
2024,14,SAI,8.0,114.477,1.3179999999999978,1,1
2024,14,ALO,9.0,114.765,1.6059999999999943,1,1
2024,14,OCO,10.0,114.81,1.6509999999999962,1,1
2024,14,ALB,11.0,114.473,1.313999999999993,0,1
2024,14,GAS,12.0,114.635,1.475999999999999,0,1
2024,14,RIC,13.0,114.682,1.522999999999996,0,1
2024,14,BOT,14.0,114.764,1.6049999999999898,0,1
2024,14,STR,15.0,115.716,2.556999999999988,0,1
2024,14,HUL,16.0,116.308,3.149000000000001,0,0
2024,14,MAG,17.0,116.5,3.340999999999994,0,0
2024,14,TSU,18.0,116.593,3.433999999999997,0,0
2024,14,SAR,19.0,117.23,4.070999999999998,0,0
2024,14,ZHO,20.0,117.775,4.616,0,0
2024,15,NOR,1.0,69.673,0.0,1,1
2024,15,VER,2.0,70.029,0.3559999999999945,1,1
2024,15,PIA,3.0,70.172,0.4989999999999952,1,1
2024,15,RUS,4.0,70.244,0.570999999999998,1,1
2024,15,PER,5.0,70.416,0.742999999999995,1,1
2024,15,LEC,6.0,70.582,0.9089999999999918,1,1
2024,15,ALO,7.0,70.633,0.9599999999999936,1,1
2024,15,STR,8.0,70.857,1.1839999999999975,1,1
2024,15,GAS,9.0,70.977,1.304000000000002,1,1
2024,15,SAI,10.0,70.914,1.2409999999999997,0,1
2024,15,ALB,10.0,70.653,0.980000000000004,1,1
2024,15,HAM,11.0,70.948,1.2749999999999917,0,1
2024,15,TSU,12.0,70.955,1.2819999999999965,0,1
2024,15,HUL,13.0,71.215,1.5420000000000016,0,1
2024,15,MAG,14.0,71.295,1.622,0,1
2024,15,RIC,15.0,71.943,2.269999999999996,0,0
2024,15,OCO,16.0,71.995,2.3220000000000027,0,0
2024,15,BOT,17.0,72.168,2.4950000000000045,0,0
2024,15,ZHO,18.0,73.261,3.587999999999994,0,0
2024,15,SAR,20.0,,,0,0
2024,16,NOR,1.0,79.327,0.0,1,1
2024,16,PIA,2.0,79.436,0.1090000000000088,1,1
2024,16,RUS,3.0,79.44,0.1129999999999995,1,1
2024,16,LEC,4.0,79.461,0.1340000000000003,1,1
2024,16,SAI,5.0,79.467,0.1400000000000005,1,1
2024,16,HAM,6.0,79.513,0.186000000000007,1,1
2024,16,VER,7.0,80.022,0.6950000000000074,1,1
2024,16,PER,8.0,80.062,0.7349999999999994,1,1
2024,16,ALB,9.0,80.299,0.9720000000000084,1,1
2024,16,HUL,10.0,80.339,1.0120000000000005,1,1
2024,16,ALO,11.0,80.421,1.0940000000000083,0,1
2024,16,RIC,12.0,80.479,1.152000000000001,0,1
2024,16,MAG,13.0,80.698,1.3709999999999951,0,1
2024,16,GAS,14.0,80.738,1.4110000000000014,0,1
2024,16,OCO,15.0,80.766,1.4390000000000072,0,1
2024,16,TSU,16.0,80.945,1.617999999999995,0,0
2024,16,STR,17.0,81.013,1.686000000000007,0,0
2024,16,COL,18.0,81.061,1.7340000000000089,0,0
2024,16,BOT,19.0,81.101,1.774000000000001,0,0
2024,16,ZHO,20.0,81.445,2.117999999999995,0,0
2024,17,LEC,1.0,101.365,0.0,1,1
2024,17,PIA,2.0,101.686,0.3210000000000121,1,1
2024,17,SAI,3.0,101.805,0.4400000000000119,1,1
2024,17,PER,4.0,101.813,0.4480000000000075,1,1
2024,17,RUS,5.0,101.874,0.5090000000000003,1,1
2024,17,VER,6.0,102.023,0.6580000000000013,1,1
2024,17,HAM,7.0,102.289,0.9240000000000066,1,1
2024,17,ALO,8.0,102.369,1.0040000000000049,1,1
2024,17,COL,9.0,102.53,1.1650000000000065,1,1
2024,17,ALB,10.0,102.859,1.4939999999999998,1,1
2024,17,BEA,11.0,102.968,1.6030000000000086,0,1
2024,17,TSU,12.0,103.035,1.6700000000000017,0,1
2024,17,HUL,13.0,103.191,1.826000000000008,0,1
2024,17,STR,14.0,103.404,2.039000000000001,0,1
2024,17,RIC,15.0,103.547,2.182000000000002,0,0
2024,17,GAS,15.0,103.179,1.8140000000000072,0,1
2024,17,NOR,16.0,103.609,2.244,0,0
2024,17,BOT,17.0,103.618,2.253,0,0
2024,17,ZHO,18.0,104.246,2.881,0,0
2024,17,OCO,19.0,104.504,3.13900000000001,0,0
2024,18,NOR,1.0,89.525,0.0,1,1
2024,18,VER,2.0,89.728,0.2029999999999887,1,1
2024,18,HAM,3.0,89.841,0.3159999999999883,1,1
2024,18,RUS,4.0,89.867,0.3419999999999987,1,1
2024,18,PIA,5.0,89.953,0.4279999999999972,1,1
2024,18,HUL,6.0,90.115,0.5899999999999892,1,1
2024,18,ALO,7.0,90.214,0.688999999999993,1,1
2024,18,TSU,8.0,90.354,0.8289999999999935,1,1
2024,18,LEC,9.0,89.747,0.2219999999999942,0,1
2024,18,SAI,10.0,90.108,0.5829999999999984,0,1
2024,18,ALB,11.0,90.474,0.948999999999998,0,1
2024,18,COL,12.0,90.481,0.9559999999999887,0,1
2024,18,PER,13.0,90.579,1.0539999999999878,0,1
2024,18,MAG,14.0,90.653,1.128,0,1
2024,18,OCO,15.0,90.769,1.2439999999999998,0,1
2024,18,RIC,16.0,91.085,1.559999999999988,0,0
2024,18,STR,17.0,91.094,1.5689999999999884,0,0
2024,18,GAS,18.0,91.312,1.786999999999992,0,0
2024,18,BOT,19.0,91.572,2.046999999999997,0,0
2024,18,ZHO,20.0,92.054,2.5289999999999964,0,0
2024,19,NOR,1.0,92.33,0.0,1,1
2024,19,VER,2.0,92.361,0.0310000000000059,1,1
2024,19,SAI,3.0,92.652,0.3220000000000027,1,1
2024,19,LEC,4.0,92.74,0.4099999999999966,1,1
2024,19,PIA,5.0,92.95,0.6200000000000045,1,1
2024,19,RUS,6.0,92.974,0.6440000000000055,1,1
2024,19,GAS,7.0,93.018,0.6880000000000024,1,1
2024,19,ALO,8.0,93.309,0.9789999999999992,1,1
2024,19,MAG,9.0,93.481,1.1509999999999962,1,1
2024,19,PER,10.0,93.02,0.6899999999999977,0,1
2024,19,TSU,11.0,93.506,1.176000000000002,0,1
2024,19,HUL,12.0,93.544,1.2139999999999986,0,1
2024,19,OCO,13.0,93.597,1.266999999999996,0,1
2024,19,STR,14.0,93.759,1.429000000000002,0,1
2024,19,LAW,15.0,93.339,1.0090000000000003,0,0
2024,19,ALB,16.0,94.051,1.7210000000000036,0,0
2024,19,COL,17.0,94.062,1.731999999999999,0,0
2024,19,BOT,18.0,94.152,1.8220000000000027,0,0
2024,19,HAM,19.0,94.154,1.823999999999998,0,0
2024,19,ZHO,20.0,94.228,1.897999999999996,0,0
2024,20,SAI,1.0,75.946,0.0,1,1
2024,20,VER,2.0,76.171,0.2250000000000085,1,1
2024,20,NOR,3.0,76.26,0.3140000000000071,1,1
2024,20,LEC,4.0,76.265,0.3190000000000026,1,1
2024,20,RUS,5.0,76.356,0.4099999999999966,1,1
2024,20,HAM,6.0,76.651,0.7049999999999983,1,1
2024,20,MAG,7.0,76.886,0.9399999999999976,1,1
2024,20,GAS,8.0,76.892,0.945999999999998,1,1
2024,20,ALB,9.0,77.065,1.1189999999999998,1,1
2024,20,HUL,10.0,77.365,1.418999999999997,1,1
2024,20,TSU,11.0,77.129,1.183000000000007,0,1
2024,20,LAW,12.0,77.162,1.2160000000000082,0,1
2024,20,ALO,13.0,77.168,1.2220000000000084,0,1
2024,20,STR,14.0,77.294,1.347999999999999,0,1
2024,20,BOT,15.0,77.817,1.8709999999999951,0,1
2024,20,COL,16.0,77.558,1.612000000000009,0,0
2024,20,PIA,17.0,77.597,1.6509999999999962,0,0
2024,20,PER,18.0,77.611,1.6650000000000065,0,0
2024,20,OCO,19.0,77.617,1.6710000000000065,0,0
2024,20,ZHO,20.0,78.072,2.1260000000000048,0,0
2024,21,NOR,1.0,83.405,0.0,1,1
2024,21,RUS,2.0,83.578,0.1730000000000018,1,1
2024,21,TSU,3.0,84.111,0.7060000000000031,1,1
2024,21,OCO,4.0,84.475,1.0699999999999932,1,1
2024,21,LAW,5.0,84.484,1.0789999999999935,1,1
2024,21,LEC,6.0,84.525,1.1200000000000043,1,1
2024,21,ALB,7.0,84.657,1.2519999999999951,1,1
2024,21,PIA,8.0,84.686,1.281000000000006,1,1
2024,21,ALO,9.0,88.998,5.593000000000004,1,1
2024,21,STR,10.0,86.334,2.929000000000002,0,1
2024,21,BOT,11.0,86.472,3.066999999999993,0,1
2024,21,VER,12.0,87.771,4.366,0,1
2024,21,PER,13.0,88.158,4.753,0,1
2024,21,SAI,14.0,89.406,6.001000000000005,0,1
2024,21,GAS,15.0,89.614,6.209000000000003,0,1
2024,21,HAM,16.0,91.15,7.745000000000003,0,0
2024,21,BEA,17.0,91.229,7.823999999999998,0,0
2024,21,COL,18.0,91.27,7.864999999999995,0,0
2024,21,HUL,19.0,91.623,8.218000000000004,0,0
2024,21,ZHO,20.0,92.263,8.858000000000004,0,0
2024,22,RUS,1.0,92.312,0.0,1,1
2024,22,SAI,2.0,92.41,0.0979999999999989,1,1
2024,22,GAS,3.0,92.664,0.3520000000000038,1,1
2024,22,LEC,4.0,92.783,0.4710000000000036,1,1
2024,22,VER,5.0,92.797,0.4849999999999994,1,1
2024,22,NOR,6.0,93.008,0.695999999999998,1,1
2024,22,TSU,7.0,93.029,0.7169999999999987,1,1
2024,22,PIA,8.0,93.033,0.7210000000000036,1,1
2024,22,HUL,9.0,93.062,0.75,1,1
2024,22,HAM,10.0,108.106,15.793999999999995,1,1
2024,22,OCO,11.0,93.221,0.909000000000006,0,1
2024,22,MAG,12.0,93.297,0.9849999999999994,0,1
2024,22,ZHO,13.0,93.566,1.2540000000000049,0,1
2024,22,COL,14.0,93.749,1.4369999999999976,0,1
2024,22,LAW,15.0,94.257,1.945000000000008,0,1
2024,22,PER,16.0,94.155,1.8430000000000035,0,0
2024,22,ALO,17.0,94.258,1.945999999999998,0,0
2024,22,ALB,18.0,94.425,2.1129999999999995,0,0
2024,22,BOT,19.0,94.43,2.118000000000009,0,0
2024,22,STR,20.0,94.484,2.171999999999997,0,0
2024,23,VER,1.0,80.52,0.0,1,1
2024,23,RUS,2.0,80.575,0.0550000000000068,1,1
2024,23,NOR,3.0,80.772,0.2520000000000095,1,1
2024,23,PIA,4.0,80.829,0.3089999999999975,1,1
2024,23,LEC,5.0,80.852,0.3320000000000078,1,1
2024,23,HAM,6.0,81.011,0.4909999999999996,1,1
2024,23,SAI,7.0,81.041,0.5210000000000008,1,1
2024,23,ALO,8.0,81.251,0.7310000000000088,1,1
2024,23,PER,9.0,81.425,0.9050000000000012,1,1
2024,23,MAG,10.0,81.5,0.980000000000004,1,1
2024,23,GAS,11.0,81.437,0.9170000000000016,0,1
2024,23,ZHO,12.0,81.501,0.9810000000000088,0,1
2024,23,BOT,13.0,81.731,1.2109999999999983,0,1
2024,23,TSU,14.0,81.771,1.2510000000000048,0,1
2024,23,STR,15.0,81.911,1.3910000000000051,0,1
2024,23,ALB,16.0,82.39,1.8700000000000043,0,0
2024,23,LAW,17.0,82.411,1.891000000000005,0,0
2024,23,HUL,18.0,82.442,1.921999999999997,0,0
2024,23,COL,19.0,82.594,2.073999999999998,0,0
2024,23,OCO,20.0,82.714,2.1940000000000026,0,0
2024,24,NOR,1.0,82.595,0.0,1,1
2024,24,PIA,2.0,82.804,0.2090000000000031,1,1
2024,24,SAI,3.0,82.824,0.2289999999999992,1,1
2024,24,HUL,4.0,82.886,0.2909999999999968,1,1
2024,24,VER,5.0,82.945,0.3499999999999943,1,1
2024,24,GAS,6.0,82.984,0.3889999999999958,1,1
2024,24,RUS,7.0,83.132,0.5370000000000061,1,1
2024,24,ALO,8.0,83.196,0.6009999999999991,1,1
2024,24,BOT,9.0,83.204,0.6089999999999947,1,1
2024,24,PER,10.0,83.264,0.6689999999999969,1,1
2024,24,TSU,11.0,83.419,0.8239999999999981,0,1
2024,24,LAW,12.0,83.472,0.8769999999999953,0,1
2024,24,STR,13.0,83.784,1.1890000000000072,0,1
2024,24,LEC,14.0,83.833,1.2379999999999995,0,1
2024,24,MAG,15.0,83.877,1.2819999999999965,0,1
2024,24,ALB,16.0,83.821,1.225999999999999,0,0
2024,24,ZHO,17.0,83.88,1.2849999999999966,0,0
2024,24,HAM,18.0,83.887,1.2920000000000016,0,0
2024,24,COL,19.0,83.912,1.3170000000000073,0,0
2024,24,DOO,20.0,84.105,1.5100000000000051,0,0
2025,1,NOR,1.0,75.096,0.0,1,1
2025,1,PIA,2.0,75.18,0.0840000000000031,1,1
2025,1,VER,3.0,75.481,0.3849999999999909,1,1
2025,1,RUS,4.0,75.546,0.4500000000000028,1,1
2025,1,TSU,5.0,75.67,0.5739999999999981,1,1
2025,1,ALB,6.0,75.737,0.6409999999999911,1,1
2025,1,LEC,7.0,75.755,0.6589999999999918,1,1
2025,1,HAM,8.0,75.973,0.8769999999999953,1,1
2025,1,GAS,9.0,75.98,0.8840000000000003,1,1
2025,1,SAI,10.0,76.062,0.965999999999994,1,1
2025,1,HAD,11.0,76.175,1.0789999999999935,0,1
2025,1,ALO,12.0,76.453,1.356999999999999,0,1
2025,1,STR,13.0,76.483,1.3870000000000005,0,1
2025,1,DOO,14.0,76.863,1.766999999999996,0,1
2025,1,BOR,15.0,77.52,2.4239999999999924,0,1
2025,1,ANT,16.0,76.525,1.429000000000002,0,0
2025,1,HUL,17.0,76.579,1.48299999999999,0,0
2025,1,LAW,18.0,77.094,1.9979999999999905,0,0
2025,1,OCO,19.0,77.147,2.051000000000002,0,0
2025,1,BEA,20.0,,,0,0
2025,2,PIA,1.0,90.641,0.0,1,1
2025,2,RUS,2.0,90.723,0.0819999999999936,1,1
2025,2,NOR,3.0,90.793,0.152000000000001,1,1
2025,2,VER,4.0,90.817,0.1759999999999877,1,1
2025,2,HAM,5.0,90.927,0.2860000000000013,1,1
2025,2,LEC,6.0,91.021,0.3799999999999954,1,1
2025,2,HAD,7.0,91.079,0.4379999999999882,1,1
2025,2,ANT,8.0,91.103,0.4619999999999891,1,1
2025,2,TSU,9.0,91.638,0.997,1,1
2025,2,ALB,10.0,91.706,1.0649999999999975,1,1
2025,2,OCO,11.0,91.625,0.9839999999999948,0,1
2025,2,HUL,12.0,91.632,0.9909999999999995,0,1
2025,2,ALO,13.0,91.688,1.046999999999997,0,1
2025,2,STR,14.0,91.773,1.1319999999999908,0,1
2025,2,SAI,15.0,91.84,1.198999999999998,0,1
2025,2,GAS,16.0,91.992,1.350999999999999,0,0
2025,2,BEA,17.0,92.018,1.3769999999999951,0,0
2025,2,DOO,18.0,92.092,1.4509999999999934,0,0
2025,2,BOR,19.0,92.141,1.5,0,0
2025,2,LAW,20.0,92.174,1.5330000000000013,0,0
2025,3,VER,1.0,86.983,0.0,1,1
2025,3,NOR,2.0,86.995,0.0120000000000004,1,1
2025,3,PIA,3.0,87.027,0.0439999999999969,1,1
2025,3,LEC,4.0,87.299,0.3160000000000025,1,1
2025,3,RUS,5.0,87.318,0.3349999999999937,1,1
2025,3,ANT,6.0,87.555,0.5720000000000027,1,1
2025,3,HAD,7.0,87.569,0.5859999999999985,1,1
2025,3,HAM,8.0,87.61,0.6269999999999953,1,1
2025,3,ALB,9.0,87.615,0.6319999999999908,1,1
2025,3,BEA,10.0,87.867,0.8840000000000003,1,1
2025,3,GAS,11.0,87.822,0.8389999999999986,0,1
2025,3,SAI,12.0,87.836,0.8529999999999944,0,1
2025,3,ALO,13.0,87.897,0.9140000000000016,0,1
2025,3,LAW,14.0,87.906,0.9230000000000018,0,1
2025,3,TSU,15.0,88.0,1.016999999999996,0,1
2025,3,HUL,16.0,88.57,1.586999999999989,0,0
2025,3,BOR,17.0,88.622,1.6389999999999958,0,0
2025,3,OCO,18.0,88.696,1.712999999999994,0,0
2025,3,DOO,19.0,88.877,1.8939999999999912,0,0
2025,3,STR,20.0,89.271,2.2879999999999967,0,0
2025,4,PIA,1.0,89.841,0.0,1,1
2025,4,RUS,2.0,90.009,0.1680000000000063,1,1
2025,4,LEC,3.0,90.175,0.3340000000000032,1,1
2025,4,ANT,4.0,90.213,0.3719999999999999,1,1
2025,4,GAS,5.0,90.216,0.375,1,1
2025,4,NOR,6.0,90.267,0.4260000000000019,1,1
2025,4,VER,7.0,90.423,0.5820000000000078,1,1
2025,4,SAI,8.0,90.68,0.8390000000000128,1,1
2025,4,HAM,9.0,90.772,0.9310000000000116,1,1
2025,4,TSU,10.0,91.303,1.4620000000000033,1,1
2025,4,DOO,11.0,91.245,1.4040000000000106,0,1
2025,4,HAD,12.0,91.271,1.4300000000000068,0,1
2025,4,ALO,13.0,91.886,2.0450000000000017,0,1
2025,4,OCO,14.0,91.594,1.753,0,0
2025,4,ALB,15.0,92.04,2.1990000000000123,0,0
2025,4,HUL,16.0,92.067,2.225999999999999,0,0
2025,4,LAW,17.0,92.165,2.3240000000000123,0,0
2025,4,BOR,18.0,92.186,2.345000000000013,0,0
2025,4,STR,19.0,92.283,2.442000000000008,0,0
2025,4,BEA,20.0,92.373,2.5320000000000107,0,0
2025,5,VER,1.0,87.294,0.0,1,1
2025,5,PIA,2.0,87.304,0.0100000000000051,1,1
2025,5,RUS,3.0,87.407,0.1129999999999995,1,1
2025,5,LEC,4.0,87.67,0.3760000000000048,1,1
2025,5,ANT,5.0,87.866,0.5720000000000027,1,1
2025,5,SAI,6.0,88.164,0.8700000000000045,1,1
2025,5,HAM,7.0,88.201,0.9069999999999964,1,1
2025,5,TSU,8.0,88.204,0.9099999999999966,1,1
2025,5,GAS,9.0,88.367,1.0730000000000075,1,1
2025,5,NOR,10.0,87.481,0.1869999999999976,0,1
2025,5,ALB,11.0,88.109,0.8149999999999977,0,1
2025,5,LAW,12.0,88.191,0.8970000000000056,0,1
2025,5,ALO,13.0,88.303,1.0090000000000003,0,1
2025,5,HAD,14.0,88.418,1.1240000000000094,0,1
2025,5,BEA,15.0,88.648,1.3539999999999992,0,1
2025,5,STR,16.0,88.645,1.350999999999999,0,0
2025,5,DOO,17.0,88.739,1.4450000000000074,0,0
2025,5,HUL,18.0,88.782,1.4879999999999995,0,0
2025,5,OCO,19.0,89.092,1.7980000000000018,0,0
2025,5,BOR,20.0,89.462,2.1680000000000064,0,0
2025,6,VER,1.0,86.204,0.0,1,1
2025,6,NOR,2.0,86.269,0.0650000000000119,1,1
2025,6,ANT,3.0,86.271,0.0670000000000072,1,1
2025,6,PIA,4.0,86.375,0.1710000000000064,1,1
2025,6,RUS,5.0,86.385,0.1810000000000116,1,1
2025,6,SAI,6.0,86.569,0.3650000000000091,1,1
2025,6,ALB,7.0,86.682,0.4780000000000086,1,1
2025,6,LEC,8.0,86.754,0.5500000000000114,1,1
2025,6,OCO,9.0,86.824,0.6200000000000045,1,1
2025,6,TSU,10.0,86.943,0.7390000000000043,1,1
2025,6,HAD,11.0,86.987,0.7830000000000013,0,1
2025,6,HAM,12.0,87.006,0.8020000000000067,0,1
2025,6,BOR,13.0,87.151,0.9470000000000028,0,1
2025,6,DOO,14.0,87.186,0.9820000000000136,0,1
2025,6,LAW,15.0,87.363,1.159000000000006,0,1
2025,6,HUL,16.0,87.473,1.2690000000000057,0,0
2025,6,ALO,17.0,87.604,1.4000000000000057,0,0
2025,6,GAS,18.0,87.71,1.5060000000000002,0,0
2025,6,STR,19.0,87.83,1.6260000000000048,0,0
2025,6,BEA,20.0,87.999,1.7950000000000017,0,0
2025,7,PIA,1.0,74.67,0.0,1,1
2025,7,VER,2.0,74.704,0.0339999999999918,1,1
2025,7,RUS,3.0,74.807,0.1370000000000004,1,1
2025,7,NOR,4.0,74.962,0.2920000000000016,1,1
2025,7,ALO,5.0,75.431,0.7609999999999957,1,1
2025,7,SAI,6.0,75.432,0.7620000000000005,1,1
2025,7,ALB,7.0,75.473,0.8029999999999973,1,1
2025,7,STR,8.0,75.581,0.9110000000000014,1,1
2025,7,HAD,9.0,75.746,1.0759999999999934,1,1
2025,7,GAS,10.0,75.787,1.1170000000000044,1,1
2025,7,LEC,11.0,75.604,0.9339999999999976,0,1
2025,7,HAM,12.0,75.765,1.0949999999999989,0,1
2025,7,ANT,13.0,75.772,1.102000000000004,0,1
2025,7,BOR,14.0,76.26,1.5900000000000034,0,1
2025,7,COL,15.0,76.256,1.5859999999999983,0,0
2025,7,LAW,16.0,76.379,1.7090000000000032,0,0
2025,7,HUL,17.0,76.518,1.847999999999999,0,0
2025,7,OCO,18.0,76.613,1.9429999999999976,0,0
2025,7,BEA,19.0,76.918,2.2480000000000047,0,0
2025,7,TSU,20.0,,,0,0
2025,8,NOR,1.0,69.954,0.0,1,1
2025,8,LEC,2.0,70.063,0.1090000000000088,1,1
2025,8,PIA,3.0,70.129,0.1750000000000113,1,1
2025,8,HAM,4.0,70.382,0.4280000000000115,1,1
2025,8,VER,5.0,70.669,0.7150000000000034,1,1
2025,8,HAD,6.0,70.923,0.9690000000000084,1,1
2025,8,ALO,7.0,70.924,0.9700000000000132,1,1
2025,8,OCO,8.0,70.942,0.9879999999999995,1,1
2025,8,LAW,9.0,71.129,1.1750000000000114,1,1
2025,8,ALB,10.0,71.213,1.2590000000000003,1,1
2025,8,SAI,11.0,71.362,1.4080000000000013,0,1
2025,8,TSU,12.0,71.415,1.4610000000000127,0,1
2025,8,HUL,13.0,71.596,1.64200000000001,0,1
2025,8,RUS,14.0,71.507,1.5530000000000117,0,0
2025,8,ANT,15.0,71.88,1.926000000000002,0,0
2025,8,BOR,16.0,71.902,1.9480000000000075,0,0
2025,8,BEA,17.0,71.979,2.0250000000000057,0,0
2025,8,GAS,18.0,71.994,2.0400000000000063,0,0
2025,8,STR,19.0,72.563,2.609000000000009,0,0
2025,8,COL,20.0,72.597,2.6430000000000007,0,0
2025,9,PIA,1.0,71.546,0.0,1,1
2025,9,NOR,2.0,71.755,0.2089999999999889,1,1
2025,9,VER,3.0,71.848,0.3019999999999925,1,1
2025,9,RUS,4.0,71.848,0.3019999999999925,1,1
2025,9,HAM,5.0,72.045,0.4989999999999952,1,1
2025,9,ANT,6.0,72.111,0.5649999999999977,1,1
2025,9,LEC,7.0,72.131,0.5849999999999937,1,1
2025,9,GAS,8.0,72.199,0.6529999999999916,1,1
2025,9,HAD,9.0,72.252,0.7059999999999889,1,1
2025,9,ALO,10.0,72.284,0.7379999999999995,1,1
2025,9,ALB,11.0,72.641,1.0949999999999989,0,1
2025,9,BOR,12.0,72.756,1.2099999999999935,0,1
2025,9,LAW,13.0,72.763,1.2169999999999987,0,1
2025,9,STR,14.0,73.058,1.5120000000000005,0,1
2025,9,BEA,15.0,73.315,1.7689999999999912,0,1
2025,9,HUL,16.0,73.19,1.6439999999999912,0,0
2025,9,OCO,17.0,73.201,1.654999999999987,0,0
2025,9,SAI,18.0,73.203,1.6569999999999965,0,0
2025,9,COL,19.0,73.334,1.7879999999999967,0,0
2025,9,TSU,20.0,73.385,1.8389999999999984,0,0
2025,10,RUS,1.0,70.899,0.0,1,1
2025,10,VER,2.0,71.059,0.1599999999999966,1,1
2025,10,PIA,3.0,71.12,0.2210000000000036,1,1
2025,10,ANT,4.0,71.391,0.4920000000000044,1,1
2025,10,HAM,5.0,71.526,0.6269999999999953,1,1
2025,10,ALO,6.0,71.586,0.6869999999999976,1,1
2025,10,NOR,7.0,71.625,0.7259999999999991,1,1
2025,10,LEC,8.0,71.682,0.7830000000000013,1,1
2025,10,HAD,9.0,71.867,0.9680000000000036,1,1
2025,10,ALB,10.0,71.907,1.0079999999999956,1,1
2025,10,TSU,11.0,72.102,1.203000000000003,0,1
2025,10,COL,12.0,72.142,1.242999999999995,0,1
2025,10,HUL,13.0,72.183,1.284000000000006,0,1
2025,10,BEA,14.0,72.34,1.4410000000000025,0,1
2025,10,OCO,15.0,72.634,1.7349999999999994,0,1
2025,10,BOR,16.0,72.385,1.4860000000000042,0,0
2025,10,SAI,17.0,72.398,1.4989999999999952,0,0
2025,10,STR,18.0,72.517,1.617999999999995,0,0
2025,10,LAW,19.0,72.525,1.6260000000000048,0,0
2025,10,GAS,20.0,72.667,1.768000000000001,0,0
2025,11,NOR,1.0,63.971,0.0,1,1
2025,11,LEC,2.0,64.492,0.5210000000000079,1,1
2025,11,PIA,3.0,64.554,0.5830000000000055,1,1
2025,11,HAM,4.0,64.582,0.6109999999999971,1,1
2025,11,RUS,5.0,64.763,0.7920000000000087,1,1
2025,11,LAW,6.0,64.926,0.9550000000000054,1,1
2025,11,VER,7.0,64.929,0.9580000000000056,1,1
2025,11,BOR,8.0,65.132,1.1610000000000085,1,1
2025,11,ANT,9.0,65.276,1.3049999999999995,1,1
2025,11,GAS,10.0,65.649,1.6780000000000044,1,1
2025,11,ALO,11.0,65.128,1.1570000000000036,0,1
2025,11,ALB,12.0,65.205,1.2340000000000018,0,1
2025,11,HAD,13.0,65.226,1.2550000000000026,0,1
2025,11,COL,14.0,65.288,1.3170000000000002,0,1
2025,11,BEA,15.0,65.312,1.341000000000001,0,1
2025,11,STR,16.0,65.329,1.357999999999997,0,0
2025,11,OCO,17.0,65.364,1.3930000000000078,0,0
2025,11,TSU,18.0,65.369,1.3980000000000032,0,0
2025,11,SAI,19.0,65.582,1.610999999999997,0,0
2025,11,HUL,20.0,65.606,1.634999999999998,0,0
2025,12,VER,1.0,84.892,0.0,1,1
2025,12,PIA,2.0,84.995,0.1030000000000086,1,1
2025,12,NOR,3.0,85.01,0.1180000000000092,1,1
2025,12,RUS,4.0,85.029,0.1370000000000004,1,1
2025,12,HAM,5.0,85.095,0.2030000000000029,1,1
2025,12,LEC,6.0,85.121,0.2289999999999992,1,1
2025,12,ANT,7.0,85.374,0.4819999999999993,1,1
2025,12,BEA,8.0,85.471,0.5790000000000077,1,1
2025,12,ALO,9.0,85.621,0.7289999999999992,1,1
2025,12,GAS,10.0,85.785,0.8930000000000007,1,1
2025,12,SAI,11.0,85.746,0.8539999999999992,0,1
2025,12,TSU,12.0,85.826,0.9339999999999976,0,1
2025,12,HAD,13.0,85.864,0.9720000000000084,0,1
2025,12,ALB,14.0,85.889,0.997,0,1
2025,12,OCO,15.0,85.95,1.058000000000007,0,1
2025,12,LAW,16.0,86.44,1.5480000000000018,0,0
2025,12,BOR,17.0,86.446,1.554000000000002,0,0
2025,12,STR,18.0,86.504,1.612000000000009,0,0
2025,12,HUL,19.0,86.574,1.6820000000000022,0,0
2025,12,COL,20.0,87.06,2.1680000000000064,0,0
2025,13,NOR,1.0,100.562,0.0,1,1
2025,13,PIA,2.0,100.647,0.0850000000000079,1,1
2025,13,LEC,3.0,100.9,0.338000000000008,1,1
2025,13,VER,4.0,100.903,0.3410000000000082,1,1
2025,13,ALB,5.0,101.201,0.6389999999999958,1,1
2025,13,RUS,6.0,101.26,0.6980000000000075,1,1
2025,13,TSU,7.0,101.284,0.7220000000000084,1,1
2025,13,HAD,8.0,101.31,0.7480000000000047,1,1
2025,13,LAW,9.0,101.328,0.7660000000000053,1,1
2025,13,BOR,10.0,102.387,1.8250000000000028,1,1
2025,13,OCO,11.0,101.525,0.963000000000008,0,1
2025,13,BEA,12.0,101.617,1.0550000000000068,0,1
2025,13,GAS,13.0,101.633,1.070999999999998,0,1
2025,13,HUL,14.0,101.707,1.144999999999996,0,1
2025,13,SAI,15.0,101.758,1.195999999999998,0,1
2025,13,HAM,16.0,101.939,1.3769999999999951,0,0
2025,13,COL,17.0,102.022,1.460000000000008,0,0
2025,13,ANT,18.0,102.139,1.5769999999999982,0,0
2025,13,ALO,19.0,102.385,1.8230000000000075,0,0
2025,13,STR,20.0,102.502,1.9399999999999973,0,0
2025,14,LEC,1.0,75.372,0.0,1,1
2025,14,PIA,2.0,75.398,0.0259999999999962,1,1
2025,14,NOR,3.0,75.413,0.0409999999999968,1,1
2025,14,RUS,4.0,75.425,0.0529999999999972,1,1
2025,14,ALO,5.0,75.481,0.1089999999999946,1,1
2025,14,STR,6.0,75.498,0.1260000000000047,1,1
2025,14,BOR,7.0,75.725,0.3529999999999944,1,1
2025,14,VER,8.0,75.728,0.3559999999999945,1,1
2025,14,LAW,9.0,75.821,0.448999999999998,1,1
2025,14,HAD,10.0,75.915,0.5430000000000064,1,1
2025,14,BEA,11.0,75.694,0.3220000000000027,0,1
2025,14,HAM,12.0,75.702,0.3299999999999983,0,1
2025,14,SAI,13.0,75.781,0.409000000000006,0,1
2025,14,COL,14.0,76.159,0.7870000000000061,0,1
2025,14,ANT,15.0,76.386,1.0139999999999958,0,1
2025,14,TSU,16.0,75.899,0.527000000000001,0,0
2025,14,GAS,17.0,75.966,0.5939999999999941,0,0
2025,14,OCO,18.0,76.023,0.6509999999999962,0,0
2025,14,HUL,19.0,76.081,0.7090000000000032,0,0
2025,14,ALB,20.0,76.223,0.8509999999999991,0,0
2025,15,PIA,1.0,68.662,0.0,1,1
2025,15,NOR,2.0,68.674,0.0120000000000004,1,1
2025,15,VER,3.0,68.925,0.262999999999991,1,1
2025,15,HAD,4.0,69.208,0.5459999999999923,1,1
2025,15,RUS,5.0,69.255,0.5929999999999893,1,1
2025,15,LEC,6.0,69.34,0.6779999999999973,1,1
2025,15,HAM,7.0,69.39,0.7279999999999944,1,1
2025,15,LAW,8.0,69.5,0.8379999999999939,1,1
2025,15,SAI,9.0,69.505,0.8429999999999893,1,1
2025,15,ALO,10.0,69.63,0.9679999999999892,1,1
2025,15,ANT,11.0,69.493,0.8309999999999889,0,1
2025,15,TSU,12.0,69.622,0.9599999999999936,0,1
2025,15,BOR,13.0,69.622,0.9599999999999936,0,1
2025,15,GAS,14.0,69.637,0.9749999999999944,0,1
2025,15,ALB,15.0,69.652,0.9899999999999948,0,1
2025,15,COL,16.0,70.104,1.441999999999993,0,0
2025,15,HUL,17.0,70.195,1.532999999999987,0,0
2025,15,OCO,18.0,70.197,1.5349999999999966,0,0
2025,15,BEA,19.0,70.262,1.5999999999999943,0,0
2025,15,STR,20.0,,,0,0
2025,16,VER,1.0,78.792,0.0,1,1
2025,16,NOR,2.0,78.869,0.0769999999999981,1,1
2025,16,PIA,3.0,78.982,0.1899999999999977,1,1
2025,16,LEC,4.0,79.007,0.2150000000000034,1,1
2025,16,HAM,5.0,79.124,0.3319999999999936,1,1
2025,16,RUS,6.0,79.157,0.3649999999999949,1,1
2025,16,ANT,7.0,79.2,0.4080000000000012,1,1
2025,16,BOR,8.0,79.39,0.597999999999999,1,1
2025,16,ALO,9.0,79.424,0.632000000000005,1,1
2025,16,TSU,10.0,79.519,0.7270000000000039,1,1
2025,16,BEA,11.0,79.446,0.6539999999999964,0,1
2025,16,HUL,12.0,79.498,0.7060000000000031,0,1
2025,16,SAI,13.0,79.528,0.7360000000000042,0,1
2025,16,ALB,14.0,79.583,0.7909999999999968,0,1
2025,16,OCO,15.0,79.707,0.914999999999992,0,1
2025,16,HAD,16.0,79.917,1.125,0,0
2025,16,STR,17.0,79.948,1.1559999999999917,0,0
2025,16,COL,18.0,79.992,1.2000000000000028,0,0
2025,16,GAS,19.0,80.103,1.3109999999999928,0,0
2025,16,LAW,20.0,80.279,1.4869999999999948,0,0
2025,17,VER,1.0,101.117,0.0,1,1
2025,17,SAI,2.0,101.595,0.4779999999999944,1,1
2025,17,LAW,3.0,101.707,0.5899999999999892,1,1
2025,17,ANT,4.0,101.717,0.5999999999999943,1,1
2025,17,RUS,5.0,102.07,0.9529999999999887,1,1
2025,17,TSU,6.0,102.143,1.0259999999999962,1,1
2025,17,NOR,7.0,102.239,1.122,1,1
2025,17,HAD,8.0,102.372,1.2549999999999957,1,1
2025,17,PIA,9.0,101.414,0.296999999999997,0,1
2025,17,LEC,10.0,101.519,0.402000000000001,0,1
2025,17,ALO,11.0,101.857,0.7399999999999949,0,1
2025,17,HAM,12.0,102.183,1.0660000000000025,0,1
2025,17,BOR,13.0,102.277,1.1599999999999966,0,1
2025,17,STR,14.0,103.061,1.9440000000000024,0,1
2025,17,BEA,15.0,102.666,1.5489999999999924,0,0
2025,17,COL,16.0,102.779,1.661999999999992,0,0
2025,17,HUL,17.0,102.916,1.7989999999999924,0,0
2025,17,GAS,18.0,103.139,2.021999999999992,0,0
2025,17,ALB,19.0,103.778,2.6610000000000014,0,0
2025,17,OCO,20.0,,,0,0
2025,18,RUS,1.0,89.158,0.0,1,1
2025,18,VER,2.0,89.34,0.1820000000000021,1,1
2025,18,PIA,3.0,89.524,0.3659999999999996,1,1
2025,18,ANT,4.0,89.537,0.3790000000000049,1,1
2025,18,NOR,5.0,89.586,0.4279999999999972,1,1
2025,18,HAM,6.0,89.688,0.5300000000000011,1,1
2025,18,LEC,7.0,89.784,0.6260000000000048,1,1
2025,18,HAD,8.0,89.846,0.6880000000000024,1,1
2025,18,BEA,9.0,89.868,0.7099999999999937,1,1
2025,18,ALO,10.0,89.955,0.796999999999997,1,1
2025,18,HUL,11.0,90.141,0.983000000000004,0,1
2025,18,LAW,12.0,90.32,1.161999999999992,0,1
2025,18,TSU,13.0,90.353,1.1949999999999932,0,1
2025,18,BOR,14.0,90.82,1.661999999999992,0,0
2025,18,STR,15.0,90.949,1.7909999999999968,0,0
2025,18,COL,16.0,90.982,1.823999999999998,0,0
2025,18,OCO,17.0,90.989,1.831000000000003,0,0
2025,18,GAS,18.0,91.261,2.1029999999999944,0,0
2025,18,ALB,19.0,,,0,0
2025,18,SAI,20.0,,,0,0
2025,19,VER,1.0,92.51,0.0,1,1
2025,19,NOR,2.0,92.801,0.2909999999999968,1,1
2025,19,LEC,3.0,92.807,0.296999999999997,1,1
2025,19,RUS,4.0,92.826,0.3159999999999883,1,1
2025,19,HAM,5.0,92.912,0.402000000000001,1,1
2025,19,PIA,6.0,93.084,0.5739999999999981,1,1
2025,19,ANT,7.0,93.114,0.6039999999999992,1,1
2025,19,BEA,8.0,93.139,0.6289999999999907,1,1
2025,19,SAI,9.0,93.15,0.6400000000000006,1,1
2025,19,ALO,10.0,93.16,0.6499999999999915,1,1
2025,19,HUL,11.0,93.334,0.8239999999999981,0,1
2025,19,LAW,12.0,93.36,0.8499999999999943,0,1
2025,19,TSU,13.0,93.466,0.9559999999999887,0,1
2025,19,GAS,14.0,93.651,1.1409999999999911,0,1
2025,19,COL,15.0,94.044,1.5339999999999918,0,1
2025,19,BOR,16.0,94.125,1.6149999999999949,0,0
2025,19,OCO,17.0,94.136,1.6259999999999906,0,0
2025,19,STR,18.0,94.54,2.030000000000001,0,0
2025,19,ALB,19.0,94.69,2.1799999999999926,0,0
2025,19,HAD,20.0,,,0,0
2025,20,NOR,1.0,75.586,0.0,1,1
2025,20,LEC,2.0,75.848,0.2620000000000004,1,1
2025,20,HAM,3.0,75.938,0.3520000000000038,1,1
2025,20,RUS,4.0,76.034,0.4480000000000075,1,1
2025,20,VER,5.0,76.07,0.4839999999999946,1,1
2025,20,ANT,6.0,76.118,0.5319999999999965,1,1
2025,20,SAI,7.0,76.172,0.5859999999999985,1,1
2025,20,PIA,8.0,76.174,0.5880000000000081,1,1
2025,20,HAD,9.0,76.252,0.6659999999999968,1,1
2025,20,BEA,10.0,76.46,0.8739999999999952,1,1
2025,20,TSU,11.0,76.816,1.230000000000004,0,1
2025,20,OCO,12.0,76.837,1.2510000000000048,0,1
2025,20,HUL,13.0,77.016,1.4300000000000068,0,1
2025,20,ALO,14.0,77.103,1.516999999999996,0,1
2025,20,LAW,15.0,78.072,2.486000000000004,0,1
2025,20,BOR,16.0,77.412,1.826000000000008,0,0
2025,20,ALB,17.0,77.49,1.9039999999999964,0,0
2025,20,GAS,18.0,77.546,1.960000000000008,0,0
2025,20,STR,19.0,77.606,2.019999999999996,0,0
2025,20,COL,20.0,77.67,2.084000000000003,0,0
2025,21,NOR,1.0,69.511,0.0,1,1
2025,21,ANT,2.0,69.685,0.1740000000000066,1,1
2025,21,LEC,3.0,69.805,0.2940000000000111,1,1
2025,21,PIA,4.0,69.886,0.375,1,1
2025,21,HAD,5.0,69.931,0.4200000000000017,1,1
2025,21,RUS,6.0,69.942,0.4309999999999974,1,1
2025,21,LAW,7.0,69.962,0.4510000000000076,1,1
2025,21,BEA,8.0,69.977,0.4660000000000082,1,1
2025,21,GAS,9.0,70.002,0.4909999999999996,1,1
2025,21,HUL,10.0,70.039,0.5280000000000058,1,1
2025,21,ALO,11.0,70.001,0.4900000000000091,0,1
2025,21,ALB,12.0,70.053,0.5420000000000016,0,1
2025,21,HAM,13.0,70.1,0.5889999999999986,0,1
2025,21,STR,14.0,70.161,0.6500000000000057,0,1
2025,21,SAI,15.0,70.472,0.9609999999999984,0,1
2025,21,VER,16.0,70.403,0.8920000000000101,0,0
2025,21,OCO,17.0,70.438,0.9270000000000068,0,0
2025,21,COL,18.0,70.632,1.121000000000009,0,0
2025,21,TSU,19.0,70.711,1.2000000000000028,0,0
2025,21,BOR,,,,0,0
2025,22,NOR,1.0,107.934,0.0,1,1
2025,22,VER,2.0,108.257,0.3230000000000075,1,1
2025,22,SAI,3.0,108.296,0.362000000000009,1,1
2025,22,RUS,4.0,108.803,0.8689999999999998,1,1
2025,22,PIA,5.0,108.961,1.027000000000001,1,1
2025,22,LAW,6.0,109.062,1.128,1,1
2025,22,ALO,7.0,109.466,1.5319999999999965,1,1
2025,22,HAD,8.0,109.554,1.6200000000000043,1,1
2025,22,LEC,9.0,109.872,1.9380000000000024,1,1
2025,22,GAS,10.0,111.54,3.6060000000000088,1,1
2025,22,HUL,11.0,112.781,4.847000000000008,0,1
2025,22,STR,12.0,112.85,4.915999999999997,0,1
2025,22,OCO,13.0,112.987,5.052999999999997,0,1
2025,22,BEA,14.0,113.094,5.159999999999997,0,1
2025,22,COL,15.0,113.683,5.749000000000009,0,1
2025,22,ALB,16.0,116.22,8.286000000000001,0,0
2025,22,ANT,17.0,116.314,8.379999999999995,0,0
2025,22,BOR,18.0,116.674,8.740000000000009,0,0
2025,22,TSU,19.0,116.798,8.864000000000004,0,0
2025,22,HAM,20.0,117.115,9.180999999999996,0,0
2025,23,PIA,1.0,79.387,0.0,1,1
2025,23,NOR,2.0,79.495,0.108000000000004,1,1
2025,23,VER,3.0,79.651,0.2639999999999958,1,1
2025,23,RUS,4.0,79.662,0.2750000000000057,1,1
2025,23,ANT,5.0,79.846,0.4590000000000032,1,1
2025,23,HAD,6.0,80.114,0.7270000000000039,1,1
2025,23,SAI,7.0,80.287,0.9000000000000057,1,1
2025,23,ALO,8.0,80.418,1.031000000000006,1,1
2025,23,GAS,9.0,80.477,1.0900000000000034,1,1
2025,23,LEC,10.0,80.561,1.1740000000000066,1,1
2025,23,HUL,11.0,80.353,0.965999999999994,0,1
2025,23,LAW,12.0,80.433,1.0460000000000065,0,1
2025,23,BEA,13.0,80.438,1.051000000000002,0,1
2025,23,BOR,14.0,80.534,1.1470000000000056,0,1
2025,23,ALB,15.0,80.629,1.2420000000000044,0,1
2025,23,TSU,16.0,80.761,1.3739999999999952,0,0
2025,23,OCO,17.0,80.864,1.477000000000004,0,0
2025,23,HAM,18.0,80.907,1.519999999999996,0,0
2025,23,STR,19.0,81.058,1.6710000000000065,0,0
2025,23,COL,20.0,81.137,1.75,0,0
2025,24,VER,1.0,82.207,0.0,1,1
2025,24,NOR,2.0,82.408,0.2010000000000076,1,1
2025,24,PIA,3.0,82.437,0.2300000000000039,1,1
2025,24,RUS,4.0,82.645,0.4380000000000024,1,1
2025,24,LEC,5.0,82.73,0.5230000000000103,1,1
2025,24,ALO,6.0,82.902,0.6950000000000074,1,1
2025,24,BOR,7.0,82.904,0.6970000000000027,1,1
2025,24,OCO,8.0,82.913,0.7060000000000031,1,1
2025,24,HAD,9.0,83.072,0.8650000000000091,1,1
2025,24,TSU,10.0,83.034,0.8270000000000124,0,1
2025,24,BEA,11.0,83.041,0.8340000000000032,0,1
2025,24,SAI,12.0,83.042,0.835000000000008,0,1
2025,24,LAW,13.0,83.077,0.8700000000000045,0,1
2025,24,ANT,14.0,83.08,0.8730000000000047,0,1
2025,24,STR,15.0,83.097,0.8900000000000006,0,1
2025,24,HAM,16.0,83.394,1.1870000000000118,0,0
2025,24,ALB,17.0,83.416,1.2090000000000032,0,0
2025,24,HUL,18.0,83.45,1.2430000000000092,0,0
2025,24,GAS,19.0,83.468,1.26100000000001,0,0
2025,24,COL,20.0,83.89,1.683000000000007,0,0
2026,1,RUS,1.0,78.518,0.0,1,1
2026,1,ANT,2.0,78.811,0.2930000000000063,1,1
2026,1,HAD,3.0,79.303,0.7849999999999966,1,1
2026,1,LEC,4.0,79.327,0.8089999999999975,1,1
2026,1,PIA,5.0,79.38,0.8619999999999948,1,1
2026,1,NOR,6.0,79.475,0.9569999999999936,1,1
2026,1,HAM,7.0,79.478,0.9599999999999936,1,1
2026,1,LAW,8.0,79.994,1.475999999999999,1,1
2026,1,LIN,9.0,81.247,2.728999999999999,1,1
2026,1,BOR,10.0,80.221,1.703000000000003,0,1
2026,1,HUL,11.0,80.303,1.7849999999999966,0,1
2026,1,BEA,12.0,80.311,1.7930000000000064,0,1
2026,1,OCO,13.0,80.491,1.972999999999999,0,1
2026,1,GAS,14.0,80.501,1.983000000000004,0,1
2026,1,ALB,15.0,80.941,2.423000000000002,0,1
2026,1,COL,16.0,81.27,2.751999999999996,0,1
2026,1,ALO,17.0,81.969,3.4509999999999934,0,0
2026,1,PER,18.0,82.605,4.087000000000003,0,0
2026,1,BOT,19.0,83.244,4.725999999999999,0,0
2026,2,ANT,1.0,92.064,0.0,1,1
2026,2,RUS,2.0,92.286,0.2220000000000084,1,1
2026,2,HAM,3.0,92.415,0.3510000000000133,1,1
2026,2,LEC,4.0,92.428,0.3640000000000043,1,1
2026,2,PIA,5.0,92.55,0.4860000000000042,1,1
2026,2,NOR,6.0,92.608,0.5440000000000111,1,1
2026,2,GAS,7.0,92.873,0.8090000000000117,1,1
2026,2,VER,8.0,93.002,0.9380000000000024,1,1
2026,2,HAD,9.0,93.121,1.0570000000000022,1,1
2026,2,BEA,10.0,93.292,1.2280000000000086,1,1
2026,2,HUL,11.0,93.354,1.2900000000000065,0,1
2026,2,COL,12.0,93.357,1.2930000000000064,0,1
2026,2,OCO,13.0,93.538,1.4740000000000038,0,1
2026,2,LAW,14.0,93.765,1.7010000000000076,0,1
2026,2,LIN,15.0,93.784,1.720000000000013,0,1
2026,2,BOR,16.0,93.965,1.9010000000000105,0,1
2026,2,SAI,17.0,94.317,2.253,0,0
2026,2,ALB,18.0,94.772,2.7080000000000126,0,0
2026,2,ALO,19.0,95.203,3.13900000000001,0,0
2026,2,BOT,20.0,95.436,3.372000000000014,0,0
2026,2,STR,21.0,95.995,3.931000000000012,0,0
2026,2,PER,22.0,96.906,4.842000000000013,0,0
2026,3,ANT,1.0,88.778,0.0,1,1
2026,3,RUS,2.0,89.076,0.2979999999999876,1,1
2026,3,PIA,3.0,89.132,0.3539999999999992,1,1
2026,3,LEC,4.0,89.405,0.6269999999999953,1,1
2026,3,NOR,5.0,89.409,0.6310000000000002,1,1
2026,3,HAM,6.0,89.567,0.7889999999999873,1,1
2026,3,GAS,7.0,89.691,0.9129999999999968,1,1
2026,3,HAD,8.0,89.978,1.1999999999999886,1,1
2026,3,BOR,9.0,90.274,1.4959999999999951,1,1
2026,3,LIN,10.0,90.319,1.5409999999999968,1,1
2026,3,VER,11.0,90.262,1.4839999999999949,0,1
2026,3,OCO,12.0,90.309,1.5309999999999917,0,1
2026,3,HUL,13.0,90.387,1.6089999999999949,0,1
2026,3,LAW,14.0,90.495,1.7169999999999987,0,1
2026,3,COL,15.0,90.627,1.848999999999989,0,1
2026,3,SAI,16.0,91.033,2.2549999999999955,0,1
2026,3,ALB,17.0,91.088,2.309999999999988,0,0
2026,3,BEA,18.0,91.09,2.3119999999999976,0,0
2026,3,PER,19.0,92.206,3.4279999999999973,0,0
2026,3,BOT,20.0,92.33,3.5519999999999925,0,0
2026,3,ALO,21.0,92.646,3.867999999999995,0,0
2026,3,STR,22.0,92.92,4.141999999999996,0,0
2026,4,ANT,1.0,87.798,0.0,1,1
2026,4,VER,2.0,87.964,0.1659999999999968,1,1
2026,4,LEC,3.0,88.143,0.3449999999999988,1,1
2026,4,NOR,4.0,88.183,0.3850000000000051,1,1
2026,4,RUS,5.0,88.197,0.3990000000000009,1,1
2026,4,HAM,6.0,88.319,0.5210000000000008,1,1
2026,4,PIA,7.0,88.5,0.7019999999999982,1,1
2026,4,COL,8.0,88.762,0.9639999999999986,1,1
2026,4,GAS,9.0,88.81,1.0120000000000005,1,1
2026,4,HUL,10.0,89.439,1.6409999999999911,0,1
2026,4,LAW,11.0,89.499,1.7009999999999934,0,1
2026,4,BEA,12.0,89.567,1.7689999999999912,0,1
2026,4,SAI,13.0,89.568,1.769999999999996,0,1
2026,4,OCO,14.0,89.772,1.974000000000004,0,1
2026,4,ALB,15.0,89.946,2.147999999999996,0,1
2026,4,LIN,16.0,90.133,2.3349999999999937,0,0
2026,4,ALO,17.0,91.098,3.299999999999997,0,0
2026,4,STR,18.0,91.164,3.366,0,0
2026,4,BOT,19.0,91.629,3.831000000000003,0,0
2026,4,PER,20.0,91.967,4.168999999999997,0,0
2026,4,BOR,21.0,93.737,5.938999999999993,0,0
2026,4,HAD,22.0,88.789,0.9909999999999995,1,1
2026,5,RUS,1.0,72.578,0.0,1,1
2026,5,ANT,2.0,72.646,0.0679999999999978,1,1
2026,5,NOR,3.0,72.729,0.1509999999999962,1,1
2026,5,PIA,4.0,72.781,0.2030000000000029,1,1
2026,5,HAM,5.0,72.868,0.289999999999992,1,1
2026,5,VER,6.0,72.907,0.3289999999999935,1,1
2026,5,HAD,7.0,72.935,0.3569999999999993,1,1
2026,5,LEC,8.0,72.976,0.3979999999999961,1,1
2026,5,LIN,9.0,73.28,0.7019999999999982,1,1
2026,5,COL,10.0,73.697,1.1189999999999998,1,1
2026,5,HUL,11.0,73.886,1.3079999999999927,0,1
2026,5,LAW,12.0,73.897,1.3190000000000026,0,1
2026,5,BOR,13.0,74.071,1.492999999999995,0,1
2026,5,GAS,14.0,74.187,1.6089999999999949,0,1
2026,5,SAI,15.0,74.273,1.6949999999999932,0,1
2026,5,BEA,16.0,74.416,1.8379999999999936,0,1
2026,5,OCO,17.0,74.845,2.266999999999996,0,0
2026,5,ALB,18.0,74.851,2.272999999999996,0,0
2026,5,ALO,19.0,75.196,2.617999999999995,0,0
2026,5,PER,20.0,75.429,2.850999999999999,0,0
2026,5,STR,21.0,76.195,3.6169999999999902,0,0
2026,5,BOT,22.0,76.272,3.6940000000000026,0,0
2026,6,ANT,1.0,72.051,0.0,1,1
2026,6,VER,2.0,72.094,0.0429999999999921,1,1
2026,6,HAM,3.0,72.279,0.2279999999999944,1,1
2026,6,LEC,4.0,72.351,0.2999999999999971,1,1
2026,6,HAD,5.0,72.434,0.3829999999999955,1,1
2026,6,RUS,6.0,72.445,0.3939999999999912,1,1
2026,6,PIA,7.0,72.624,0.5729999999999933,1,1
2026,6,NOR,8.0,72.765,0.7139999999999986,1,1
2026,6,GAS,9.0,73.226,1.1749999999999972,1,1
2026,6,LAW,10.0,73.412,1.3610000000000042,1,1
2026,6,ALB,11.0,73.787,1.7360000000000042,0,1
2026,6,SAI,12.0,73.815,1.7639999999999958,0,1
2026,6,HUL,13.0,73.902,1.850999999999999,0,1
2026,6,COL,14.0,73.995,1.9440000000000024,0,1
2026,6,LIN,15.0,74.248,2.1970000000000027,0,1
2026,6,BOR,16.0,74.683,2.632000000000005,0,0
2026,6,OCO,17.0,74.722,2.6709999999999923,0,0
2026,6,PER,18.0,74.747,2.695999999999998,0,0
2026,6,BEA,19.0,74.814,2.762999999999991,0,0
2026,6,BOT,20.0,75.283,3.232,0,0
2026,6,ALO,21.0,75.349,3.298000000000002,0,0
2026,6,STR,22.0,76.061,4.010000000000005,0,0
2026,7,RUS,1.0,74.679,0.0,1,1
2026,7,HAM,2.0,74.743,0.0639999999999929,1,1
2026,7,ANT,3.0,74.998,0.3190000000000026,1,1
2026,7,NOR,4.0,75.001,0.3220000000000027,1,1
2026,7,VER,5.0,75.021,0.3419999999999987,1,1
2026,7,HAD,6.0,75.077,0.3979999999999961,1,1
2026,7,PIA,7.0,75.09,0.4110000000000013,1,1
2026,7,LAW,8.0,76.542,1.8629999999999995,1,1
2026,7,HUL,9.0,76.657,1.9779999999999944,1,1
2026,7,LEC,10.0,75.281,0.6020000000000039,0,1
2026,7,LIN,11.0,75.84,1.1610000000000014,0,1
2026,7,BOR,12.0,76.001,1.3220000000000027,0,1
2026,7,COL,13.0,76.191,1.5120000000000005,0,1
2026,7,GAS,14.0,76.261,1.5819999999999936,0,1
2026,7,BEA,15.0,76.389,1.7099999999999935,0,1
2026,7,SAI,16.0,77.827,3.147999999999996,0,1
2026,7,OCO,17.0,77.073,2.3939999999999912,0,0
2026,7,ALB,18.0,77.424,2.7450000000000045,0,0
2026,7,PER,19.0,77.545,2.866,0,0
2026,7,BOT,20.0,77.757,3.078000000000003,0,0
2026,7,STR,21.0,78.758,4.0789999999999935,0,0
2026,7,ALO,22.0,78.815,4.135999999999996,0,0
2026,8,RUS,1.0,66.113,0.0,1,1
2026,8,LEC,2.0,66.349,0.2360000000000042,1,1
2026,8,HAM,3.0,66.408,0.2950000000000017,1,1
2026,8,ANT,4.0,66.414,0.3010000000000019,1,1
2026,8,VER,5.0,66.475,0.3619999999999947,1,1
2026,8,NOR,6.0,66.502,0.3889999999999958,1,1
2026,8,PIA,7.0,66.511,0.3979999999999961,1,1
2026,8,HAD,8.0,66.632,0.5190000000000055,1,1
2026,8,LAW,9.0,66.955,0.8419999999999987,1,1
2026,8,LIN,10.0,67.007,0.8940000000000055,1,1
2026,8,GAS,11.0,67.223,1.1099999999999994,0,1
2026,8,BOR,12.0,67.293,1.1800000000000068,0,1
2026,8,BEA,13.0,67.523,1.4099999999999966,0,1
2026,8,HUL,14.0,67.611,1.4980000000000049,0,1
2026,8,OCO,15.0,67.817,1.7039999999999935,0,1
2026,8,COL,16.0,68.171,2.058000000000007,0,1
2026,8,SAI,17.0,68.252,2.138999999999996,0,0
2026,8,ALB,18.0,68.509,2.396000000000001,0,0
2026,8,PER,19.0,68.945,2.8319999999999936,0,0
2026,8,BOT,20.0,69.03,2.9170000000000016,0,0
2026,8,ALO,21.0,69.942,3.8289999999999935,0,0
2026,8,STR,22.0,70.363,4.25,0,0
2026,9,ANT,1.0,88.111,0.0,1,1
2026,9,LEC,2.0,88.286,0.1749999999999971,1,1
2026,9,HAM,3.0,88.458,0.3469999999999942,1,1
2026,9,RUS,4.0,88.481,0.3699999999999903,1,1
2026,9,HAD,5.0,88.746,0.6349999999999909,1,1
2026,9,NOR,6.0,88.877,0.7659999999999911,1,1
2026,9,VER,7.0,88.893,0.7819999999999965,1,1
2026,9,PIA,8.0,89.032,0.9209999999999924,1,1
2026,9,LIN,9.0,89.305,1.1940000000000026,1,1
2026,9,LAW,10.0,89.716,1.6049999999999898,1,1
2026,9,BOR,11.0,89.461,1.3499999999999943,0,1
2026,9,GAS,12.0,90.063,1.9519999999999984,0,1
2026,9,HUL,13.0,90.076,1.9649999999999888,0,1
2026,9,BEA,14.0,90.501,2.390000000000001,0,1
2026,9,SAI,15.0,90.623,2.5120000000000005,0,1
2026,9,ALB,16.0,91.341,3.2299999999999898,0,1
2026,9,OCO,17.0,90.68,2.5690000000000026,0,0
2026,9,BOT,18.0,91.227,3.116,0,0
2026,9,COL,19.0,91.321,3.2099999999999937,0,0
2026,9,PER,20.0,91.451,3.339999999999989,0,0
2026,9,STR,21.0,92.863,4.751999999999995,0,0
2026,9,ALO,22.0,93.025,4.9140000000000015,0,0
2026,10,ANT,1.0,104.361,0.0,1,1
2026,10,VER,2.0,104.678,0.316999999999993,1,1
2026,10,NOR,3.0,104.801,0.4399999999999977,1,1
2026,10,RUS,4.0,104.869,0.5079999999999956,1,1
2026,10,LEC,5.0,104.893,0.5319999999999965,1,1
2026,10,HAM,6.0,104.895,0.5339999999999918,1,1
2026,10,PIA,7.0,105.016,0.6550000000000011,1,1
2026,10,LIN,8.0,105.143,0.7819999999999965,1,1
2026,10,BOR,9.0,105.628,1.266999999999996,1,1
2026,10,HAD,10.0,105.823,1.461999999999989,0,1
2026,10,LAW,11.0,106.12,1.7590000000000003,0,1
2026,10,GAS,12.0,106.331,1.9699999999999989,0,1
2026,10,COL,13.0,106.392,2.030999999999992,0,1
2026,10,HUL,14.0,106.671,2.3100000000000023,0,1
2026,10,SAI,15.0,106.777,2.415999999999997,0,1
2026,10,BEA,16.0,106.779,2.417999999999992,0,1
2026,10,ALB,17.0,107.12,2.7590000000000003,0,0
2026,10,OCO,18.0,107.801,3.4399999999999977,0,0
2026,10,BOT,19.0,107.823,3.461999999999989,0,0
2026,10,PER,20.0,107.971,3.61,0,0
2026,10,ALO,21.0,110.002,5.640999999999991,0,0
2026,10,STR,22.0,110.177,5.8160000000000025,0,0
2026,11,NOR,1.0,77.207,0.0,1,1
2026,11,HAM,2.0,77.219,0.012000000000000455,1,1
2026,11,LEC,3.0,77.445,0.23799999999999955,1,1
2026,11,ANT,4.0,77.479,0.27200000000000557,1,1
2026,11,PIA,5.0,77.684,0.47700000000000387,1,1
2026,11,VER,6.0,77.725,0.5180000000000007,1,1
2026,11,RUS,7.0,77.76,0.5530000000000115,1,1
2026,11,HAD,8.0,77.856,0.6490000000000009,1,1
2026,11,LIN,9.0,78.281,1.0740000000000123,1,1
2026,11,HUL,10.0,78.686,1.4790000000000134,1,1
2026,11,LAW,11.0,78.765,1.558000000000007,0,1
2026,11,GAS,12.0,78.844,1.6370000000000005,0,1
2026,11,COL,13.0,79.027,1.8200000000000074,0,1
2026,11,BOR,14.0,79.105,1.8980000000000103,0,1
2026,11,OCO,15.0,79.734,2.527000000000001,0,1
2026,11,ALO,16.0,79.808,2.6010000000000133,0,1
2026,11,BEA,17.0,80.233,3.0260000000000105,0,0
2026,11,SAI,18.0,80.621,3.4140000000000015,0,0
2026,11,ALB,19.0,80.658,3.4510000000000076,0,0
2026,11,STR,20.0,80.659,3.4520000000000124,0,0
2026,11,BOT,21.0,80.886,3.679000000000002,0,0
2026,11,PER,22.0,81.322,4.115000000000009,0,0
